id,first_name,last_name,email,gender,ip_address,currency,longitude,latitude
1,Constantia,Dwane,cdwane0@businessinsider.com,Female,19.54.7.22,Real,-38.5014136,-12.9722184
2,Jerrilee,Edwardson,jedwardson1@phoca.cz,Female,35.192.100.80,Yen,136.6332141,36.4474231
3,Bathsheba,Wimp,bwimp2@nyu.edu,Bigender,119.166.226.216,Shilling,30.41563,-0.572629
4,Nicolas,Thunderman,nthunderman3@alibaba.com,Male,33.117.99.129,Zloty,22.555595,50.043163
5,Floris,Fearey,ffearey4@nsw.gov.au,Female,235.193.226.68,Yuan Renminbi,130.274684,47.31878
6,Alina,De L'Isle,adelisle5@a8.net,Female,251.30.19.37,Kuna,15.4077563,43.968465
7,Michelle,Wayte,mwayte6@devhub.com,Female,172.179.66.89,Birr,38.3192073,4.0578303
8,Jesselyn,Madeley,jmadeley7@tamu.edu,Female,144.115.56.24,Dollar,-77.0717165,38.9079399
9,Stafford,McCarlich,smccarlich8@edublogs.org,Male,214.63.28.180,Ruble,28.1582288,56.0467533
10,Valentine,Wellings,vwellings9@tinyurl.com,Female,253.39.173.209,Peso,-74.9910112,6.8740602
11,Gerek,Pettie,gpettiea@networkadvertising.org,Male,70.162.160.209,Sol,-70.0737598,-15.3238828
12,Arch,Antoniou,aantonioub@opera.com,Male,210.108.46.89,Rupiah,124.0857174,-8.3647935
13,Winona,Wabb,wwabbc@miitbeian.gov.cn,Female,181.145.45.49,Dollar,-115.3667218,36.1100428
14,Querida,Pochon,qpochond@sun.com,Female,100.119.153.177,Euro,5.1175293,52.08234
15,Jonathon,Adin,jadine@boston.com,Male,141.217.250.220,Yuan Renminbi,112.122426,32.009016
16,Brigid,Ponte,bpontef@youtube.com,Female,202.126.87.31,Euro,2.4201634,48.9126632
17,Thaxter,Steven,tsteveng@buzzfeed.com,Male,118.246.110.249,Peso,124.5324,11.4752
18,Kelcie,Broadhead,kbroadheadh@tumblr.com,Female,102.196.234.178,Peso,123.8732551,12.6703542
19,Monica,Benditt,mbenditti@ameblo.jp,Genderfluid,191.30.246.97,Hryvnia,36.25633,47.66389
20,Kirbie,Castanaga,kcastanagaj@msu.edu,Female,198.4.34.141,Zloty,21.0235972,52.6254174
21,Sam,Merton,smertonk@ebay.co.uk,Female,79.213.1.171,Yuan Renminbi,115.858361,33.09803
22,Gwendolen,Gould,ggouldl@scientificamerican.com,Female,188.76.35.116,Dollar,-77.0449327,18.1402987
23,Shaun,Bernier,sbernierm@geocities.jp,Female,77.254.167.89,Rupiah,121.1482,-8.8954
24,Augustus,Ricciardo,aricciardon@chicagotribune.com,Male,154.121.254.104,Yuan Renminbi,115.084794,23.774635
25,Leoline,Hanlon,lhanlono@miibeian.gov.cn,Genderqueer,254.124.93.178,Dollar,-71.459344,46.747041
26,Doria,Radbone,dradbonep@alibaba.com,Female,239.215.154.165,Euro,-9.0955246,38.6407826
27,Hadria,De Cristoforo,hdecristoforoq@google.ca,Female,44.15.168.34,Birr,41.4362457,11.5505858
28,Godfree,Loughlan,gloughlanr@godaddy.com,Male,164.75.28.75,Real,-51.5169861,-29.1667089
29,Jane,Mc Coughan,jmccoughans@shareasale.com,Female,235.64.30.14,Rupiah,115.1933778,-8.6873795
30,Dennet,Woolland,dwoollandt@uol.com.br,Male,200.215.111.189,Yen,141.7138242,39.0730329
31,Lonna,Fleay,lfleayu@shareasale.com,Female,139.107.21.119,Dong,106.4731314,22.2566889
32,Hamilton,Rylett,hrylettv@huffingtonpost.com,Male,207.167.80.112,Ruble,89.086753,55.620647
33,Esra,Maccari,emaccariw@mashable.com,Agender,85.24.30.162,Baht,103.5083998,16.4311476
34,Jennine,Rosenberger,jrosenbergerx@mtv.com,Female,132.233.88.24,Yuan Renminbi,109.599191,27.948308
35,Ignatius,Shalders,ishaldersy@netlog.com,Male,8.167.32.234,Euro,5.1140864,46.2501181
36,Ari,Duetschens,aduetschensz@surveymonkey.com,Male,68.189.72.141,Peso,121.0589081,14.7596318
37,Farrel,Ranklin,franklin10@reference.com,Male,126.63.187.188,Rupiah,108.7719766,-7.4066528
38,Wynn,Nobles,wnobles11@zimbio.com,Genderfluid,175.37.90.6,Dong,105.6404254,20.9924634
39,Annabelle,De Fraine,adefraine12@taobao.com,Female,107.238.61.121,Krona,17.8651957,59.2691081
40,Yasmin,Smales,ysmales13@jimdo.com,Female,56.115.74.40,Franc,8.538367,47.376817
41,Orelie,Nelthropp,onelthropp14@time.com,Female,247.100.244.76,Peso,121.0155081,14.5560877
42,Cindra,Vassay,cvassay15@edublogs.org,Female,144.77.170.221,Franc,2.3912362,6.3702928
43,Christie,Pattie,cpattie16@marketwatch.com,Female,75.80.241.73,Koruna,18.5247241,49.5960692
44,Maiga,Kose,mkose17@slate.com,Female,246.143.92.43,Peso,-97.5294628,25.8263535
45,Myra,Neggrini,mneggrini18@dagondesign.com,Female,126.140.168.98,Rupiah,110.3694896,-7.7955798
46,Robina,Halbert,rhalbert19@cocolog-nifty.com,Female,52.218.204.168,Krona,17.8043161,59.4487214
47,Demetrius,Kemson,dkemson1a@com.com,Male,254.197.247.1,Euro,4.5059,51.8796
48,Clay,Haggerstone,chaggerstone1b@cocolog-nifty.com,Male,7.32.33.146,Peso,121.1317352,14.1929998
49,Alix,Jeffes,ajeffes1c@usatoday.com,Male,8.51.129.77,Yuan Renminbi,112.734174,38.416663
50,Tessi,Drewitt,tdrewitt1d@redcross.org,Female,66.89.223.23,Dram,44.600243,39.9592176
51,Monti,Beall,mbeall1e@wordpress.org,Male,99.79.135.90,Zloty,21.9374619,49.9409133
52,Lian,Call,lcall1f@cocolog-nifty.com,Female,241.44.71.148,Euro,22.9541166,40.6897403
53,Lanny,Attard,lattard1g@phpbb.com,Female,78.32.241.10,Dollar,-58.4829834,7.2636011
54,Rivalee,Doding,rdoding1h@blinklist.com,Genderqueer,137.190.165.126,Rupiah,115.2200884,-8.7990258
55,Ora,Slane,oslane1i@army.mil,Female,26.142.217.159,Euro,24.3031958,40.8385582
56,Preston,Southcomb,psouthcomb1j@ameblo.jp,Male,210.194.110.150,Zloty,21.3418674,49.7582153
57,Hal,Croxley,hcroxley1k@imgur.com,Agender,132.250.125.93,Peso,121.0247172,14.5697565
58,Stavro,Mangenet,smangenet1l@skype.com,Male,28.85.173.59,Rupee,68.6593883,25.0617484
59,Dominick,Gilbeart,dgilbeart1m@amazon.co.uk,Male,191.180.51.106,Peso,122.8673554,7.7085722
60,Inness,Skahill,iskahill1n@wikispaces.com,Male,132.120.30.182,Euro,22.8003951,37.7937857
61,Lucine,Clinnick,lclinnick1o@nba.com,Female,86.159.50.2,Real,-54.8731219,-15.3238812
62,Corissa,Connock,cconnock1p@princeton.edu,Non-binary,52.196.47.183,Ruble,37.626119,55.813957
63,Goran,Gudeman,ggudeman1q@biblegateway.com,Male,69.214.190.177,Tenge,80.432736,47.9755808
64,Urbain,Beazer,ubeazer1r@mozilla.com,Male,96.138.172.56,Koruna,17.5359749,49.086678
65,Petr,Wetherick,pwetherick1s@twitpic.com,Male,193.19.255.61,Dollar,-80.3073826,25.6387878
66,Willi,Newby,wnewby1t@uol.com.br,Male,233.83.6.175,Peso,121.0247172,14.5697565
67,Marcy,Loch,mloch1u@columbia.edu,Female,161.218.207.69,Peso,121.60617,14.63571
68,Lionel,Arthy,larthy1v@google.ca,Male,153.111.107.134,Hryvnia,29.3753657,45.6429121
69,Arlie,Blincko,ablincko1w@photobucket.com,Female,61.162.165.197,Real,-38.463596,-3.8932818
70,Denver,Raffeorty,draffeorty1x@forbes.com,Male,154.186.54.182,Yuan Renminbi,119.569989,32.434672
71,Reilly,Ceney,rceney1y@auda.org.au,Male,225.216.40.151,Ruble,59.9882605,60.3435461
72,Gretna,Conkling,gconkling1z@cyberchimps.com,Agender,140.153.226.46,Yuan Renminbi,119.7889248,33.1401715
73,Farris,Klimke,fklimke20@php.net,Male,175.214.79.252,Yuan Renminbi,110.359368,21.270702
74,Rosina,O'Fallon,rofallon21@people.com.cn,Female,178.222.60.123,Dinar,20.2323594,45.1088945
75,Mozelle,Passmore,mpassmore22@stanford.edu,Female,36.132.121.12,Dollar,-90.2481337,32.2539326
76,Clement,Gollop,cgollop23@istockphoto.com,Male,209.140.43.109,Tenge,80.432736,47.9755808
77,Balduin,Durtnell,bdurtnell24@shareasale.com,Male,16.32.228.239,Dollar,147.1440875,-41.4332215
78,Ginelle,Sam,gsam25@networkadvertising.org,Female,204.173.236.59,Yuan Renminbi,112.044491,22.915094
79,Blaine,Clyma,bclyma26@dropbox.com,Male,65.152.77.24,Rupee,80.568823,7.145296
80,Mendie,Frie,mfrie27@amazon.co.uk,Male,136.227.152.148,Lek,20.9424673,40.6918277
81,Ophelia,Quin,oquin28@reddit.com,Bigender,203.79.55.236,Dollar,-111.4052626,56.6441805
82,Whitman,Radleigh,wradleigh29@flavors.me,Male,0.251.196.167,Krona,12.0512149,57.7576914
83,Daveta,Terbruggen,dterbruggen2a@infoseek.co.jp,Female,197.251.93.189,Euro,-8.8165669,39.6022749
84,Padgett,Benka,pbenka2b@sphinn.com,Male,123.128.181.10,Yuan Renminbi,120.661569,28.0105138
85,Dexter,Jurca,djurca2c@webmd.com,Agender,219.205.86.202,Yuan Renminbi,118.1335764,24.4938524
86,Karry,Ten Broek,ktenbroek2d@yandex.ru,Female,242.102.196.147,Dirham,-5.661571,32.9340471
87,Selina,Minchin,sminchin2e@dmoz.org,Female,136.46.122.213,Peso,125.1001641,7.7299001
88,Kaycee,Edmead,kedmead2f@cnbc.com,Female,8.96.134.249,Dollar,-123.4956337,48.4474626
89,Alyse,Zeplin,azeplin2g@typepad.com,Female,101.38.221.150,Dinar,21.3734958,43.9252485
90,Yetta,Lukianov,ylukianov2h@globo.com,Bigender,113.178.148.36,Shilling,36.9785033,-1.4577245
91,Tris,Eaklee,teaklee2i@blinklist.com,Male,113.211.60.128,Euro,19.5835874,42.9600774
92,Clarice,Lovejoy,clovejoy2j@1688.com,Female,59.22.49.149,Yuan Renminbi,115.264971,24.690585
93,Bordie,Mayger,bmayger2k@over-blog.com,Male,121.62.21.131,Yuan Renminbi,116.408772,40.058197
94,Zulema,Zorro,zzorro2l@foxnews.com,Female,162.16.59.147,Zloty,15.800102,52.2467951
95,Nomi,Hallen,nhallen2m@vkontakte.ru,Female,67.71.110.226,Dinar,35.7047733,31.1853497
96,Xenia,Falk,xfalk2n@ezinearticles.com,Female,47.187.110.180,Bolivar,-64.6866092,10.19062
97,Ross,Spalton,rspalton2o@loc.gov,Male,200.37.203.132,Real,-48.6357235,-26.9845585
98,Johan,MacAlroy,jmacalroy2p@nsw.gov.au,Male,63.92.40.251,Rial,56.4607919,24.7242467
99,Coralyn,Bleacher,cbleacher2q@salon.com,Female,21.131.133.220,Yuan Renminbi,115.958784,39.309746
100,Shoshanna,Natalie,snatalie2r@ibm.com,Female,88.234.79.146,Peso,-75.063129,4.920956
101,Udale,Rothchild,urothchild2s@cnn.com,Male,66.187.4.255,Sol,-74.023193,-12.95689
102,Mureil,Curnock,mcurnock2t@oaic.gov.au,Female,103.126.167.143,Euro,-6.2387374,53.3141205
103,Teirtza,Lathey,tlathey2u@sohu.com,Female,222.246.11.25,Yuan Renminbi,117.497651,38.143169
104,Gardiner,Abramamov,gabramamov2v@geocities.com,Male,116.249.172.29,Rupiah,111.5417207,-7.2355945
105,Amandy,Kenton,akenton2w@hc360.com,Female,87.77.191.225,Euro,23.6583002,37.9904219
106,Lindsey,Pedlow,lpedlow2x@chicagotribune.com,Male,6.103.188.221,Euro,22.6037501,40.4159844
107,Bernardine,Kember,bkember2y@hubpages.com,Female,104.159.233.63,Yen,134.2087936,34.5057425
108,Nikkie,Assaf,nassaf2z@shinystat.com,Female,181.169.243.234,Dram,45.135943,40.2706832
109,Elora,Blare,eblare30@flavors.me,Female,204.239.51.3,Krona,14.2483538,57.7911244
110,Flem,Spall,fspall31@accuweather.com,Male,181.47.12.111,Krona,16.3083468,58.1628402
111,Obediah,Daelman,odaelman32@over-blog.com,Male,166.195.157.221,Yuan Renminbi,103.757315,31.026394
112,Izak,Anelay,ianelay33@usatoday.com,Male,46.179.19.112,Yuan Renminbi,-80.017511,32.8676912
113,Clementina,Pulfer,cpulfer34@51.la,Female,64.135.195.10,Rand,23.08194,-28.34028
114,Cobby,Broad,cbroad35@bluehost.com,Male,29.223.255.213,Rupiah,121.05243,-8.83126
115,Victoria,Lorenzetto,vlorenzetto36@domainmarket.com,Female,129.111.187.42,Euro,1.378056,44.025555
116,Axe,Common,acommon37@telegraph.co.uk,Male,115.179.12.180,Peso,124.796217,7.20312
117,Valaria,Gager,vgager38@usa.gov,Female,114.171.133.129,Ruble,116.5108072,51.0192046
118,Linzy,Franzotto,lfranzotto39@indiatimes.com,Female,33.232.191.136,Yuan Renminbi,108.413764,36.87492
119,Lyon,Hamlet,lhamlet3a@yale.edu,Male,220.240.67.170,Yuan Renminbi,127.528293,50.245129
120,Saraann,Drewell,sdrewell3b@issuu.com,Female,132.244.102.23,Peso,-72.5667,-37.0833
121,Lock,Mauvin,lmauvin3c@oaic.gov.au,Male,174.86.106.218,Boliviano,-67.2162619,-16.9794093
122,Leyla,Grzeszczyk,lgrzeszczyk3d@meetup.com,Female,141.141.170.128,Euro,4.1293609,45.3207796
123,Aurthur,Adnam,aadnam3e@npr.org,Male,130.176.145.125,Manat,48.5260928,41.3643024
124,Oliviero,Binnion,obinnion3f@elpais.com,Polygender,95.248.248.139,Yuan Renminbi,102.242653,26.662155
125,Tamara,Domek,tdomek3g@time.com,Female,27.203.62.203,Yuan Renminbi,118.322663,29.603915
126,Kyle,Dybald,kdybald3h@nps.gov,Male,138.21.50.20,Ruble,39.967849,48.100558
127,Lorrie,Kytley,lkytley3i@flickr.com,Agender,171.244.3.184,Peso,121.1004925,15.6941944
128,Aurora,Sailor,asailor3j@chronoengine.com,Female,103.170.136.98,Boliviano,-66.058249,-11.0073376
129,Brien,Gladdin,bgladdin3k@boston.com,Male,187.104.232.221,Ruble,40.2585579,48.3114598
130,Anna-maria,Fritter,afritter3l@nymag.com,Polygender,33.28.14.201,Euro,-8.78126,39.856276
131,Rey,Kimmins,rkimmins3m@latimes.com,Female,56.108.192.61,Rupiah,107.6777669,-7.0725035
132,Ricoriki,Fawson,rfawson3n@fema.gov,Male,3.173.148.40,Ringgit,101.7178316,3.1523104
133,Selina,Sterrick,ssterrick3o@homestead.com,Female,143.236.9.178,Rupiah,122.6051351,-8.460409
134,Cybil,Baughen,cbaughen3p@craigslist.org,Female,15.121.177.249,Lek,19.7308925,40.3981884
135,Aguie,Spenceley,aspenceley3q@webs.com,Male,53.199.152.229,Yuan Renminbi,110.201664,20.011946
136,Harriet,Cottem,hcottem3r@patch.com,Polygender,188.137.17.132,Rupiah,112.3456985,-8.2127777
137,Ole,Fanning,ofanning3s@privacy.gov.au,Male,189.151.179.44,Rupiah,106.8325872,-6.8202532
138,Tonya,Placido,tplacido3t@desdev.cn,Female,84.64.177.235,Pound,38.3500108,36.8903434
139,Elke,McCloughen,emccloughen3u@sitemeter.com,Female,102.50.228.35,Peso,120.5166906,14.6991252
140,Dill,Whiteley,dwhiteley3v@tinypic.com,Male,44.54.136.197,Ruble,37.754824,55.619557
141,Kristo,Basham,kbasham3w@google.fr,Male,136.80.17.157,Yuan Renminbi,114.720925,30.352134
142,Jobina,Battelle,jbattelle3x@huffingtonpost.com,Female,2.0.228.27,Yuan Renminbi,106.337072,37.933843
143,Britta,Karys,bkarys3y@europa.eu,Female,24.224.147.218,Real,-51.5054475,-27.1743773
144,Kass,Casillas,kcasillas3z@amazonaws.com,Female,252.190.28.28,Lek,20.0271001,39.8592119
145,Lynnett,Fosken,lfosken40@webs.com,Female,143.24.89.48,Colon,-83.6025205,10.1621712
146,Robbyn,Bodley,rbodley41@taobao.com,Female,185.9.22.97,Peso,-56.0668126,-34.6488719
147,Buddie,Pettinger,bpettinger42@pcworld.com,Non-binary,105.181.120.203,Krona,17.1711587,60.6717958
148,Pandora,Duetsche,pduetsche43@boston.com,Genderqueer,75.14.203.203,Rial,46.570133,36.6740953
149,Rivi,Santhouse,rsanthouse44@discovery.com,Female,93.238.116.227,Ringgit,103.6384827,1.5604242
150,Zack,Brisland,zbrisland45@ifeng.com,Male,201.190.123.68,Koruna,18.3894128,49.8309961
151,Dunn,Butterfield,dbutterfield46@samsung.com,Male,47.44.39.152,Franc,44.4977855,-12.1504727
152,Delbert,Spurge,dspurge47@mapquest.com,Male,7.113.182.227,Peso,-106.3830904,23.2675871
153,Averell,Mussett,amussett48@friendfeed.com,Polygender,171.128.87.141,Kuna,16.4379653,46.3897383
154,Nap,Saltmarshe,nsaltmarshe49@google.pl,Male,109.230.58.137,Dollar,114.2212174,4.5831986
155,Calida,Barnby,cbarnby4a@naver.com,Female,160.73.56.149,Real,-61.8991382,-11.1693755
156,Kristoforo,Birk,kbirk4b@nymag.com,Male,202.19.61.20,Rupiah,107.7517775,-6.7686246
157,Gabriella,Leyborne,gleyborne4c@plala.or.jp,Female,132.103.84.138,Yuan Renminbi,121.009708,32.117935
158,Charmaine,Tapper,ctapper4d@theglobeandmail.com,Female,89.177.63.107,Rupiah,108.5342487,-7.3706874
159,Caron,Ketteridge,cketteridge4e@youtu.be,Female,235.223.96.152,Som,73.4445392,40.3132524
160,Ric,McKeand,rmckeand4f@youtu.be,Male,12.94.216.238,Yuan Renminbi,108.182377,21.808052
161,Jermaine,Pepye,jpepye4g@unc.edu,Female,29.10.199.133,Krona,15.2667633,56.1929385
162,Seline,Takos,stakos4h@constantcontact.com,Female,93.140.209.106,Ruble,37.736,53.9096
163,Ely,Stillwell,estillwell4i@imgur.com,Male,69.64.183.203,Peso,-98.7623874,20.0910963
164,Yance,Brimmicombe,ybrimmicombe4j@opera.com,Male,116.133.236.135,Zloty,19.5512903,49.9805725
165,Ellery,De Michele,edemichele4k@independent.co.uk,Male,165.21.214.26,Dong,105.2545888,23.0029267
166,Amory,Spare,aspare4l@deliciousdays.com,Genderqueer,64.8.53.243,Yen,133.2308851,33.3297722
167,Morly,Whenham,mwhenham4m@indiegogo.com,Male,73.90.159.5,Euro,20.7968395,38.0740965
168,Benedict,Willwood,bwillwood4n@unicef.org,Male,52.64.220.192,Cordoba,-87.1273253,12.6234721
169,Denver,Render,drender4o@omniture.com,Male,93.125.12.123,Euro,15.5190353,46.2287025
170,Moira,Elleray,melleray4p@shutterfly.com,Female,227.77.151.232,Sol,-79.129784,-7.2538172
171,Moshe,Tripet,mtripet4q@ox.ac.uk,Male,244.169.25.129,Euro,5.8827648,49.7314687
172,Marion,Staples,mstaples4r@shareasale.com,Female,123.160.230.9,Cordoba,-85.8396655,12.9235132
173,Waldo,Bagster,wbagster4s@china.com.cn,Male,235.216.25.45,Hryvnia,25.8865511,47.975777
174,Andie,Verbeek,averbeek4t@state.tx.us,Male,239.136.182.80,Yuan Renminbi,121.3128539,31.021461
175,Maison,Dukes,mdukes4u@google.com.br,Male,75.187.120.91,Euro,-8.2493359,41.4548181
176,Bili,Shorey,bshorey4v@stumbleupon.com,Female,83.120.56.87,Naira,8.3088441,8.5705151
177,Nanci,Dulwitch,ndulwitch4w@europa.eu,Female,181.66.247.249,Rupiah,116.1492,-8.5643
178,Diego,McMenemy,dmcmenemy4x@umn.edu,Male,160.63.217.202,Ruble,60.2122499,55.456622
179,Gabby,Seagar,gseagar4y@miitbeian.gov.cn,Male,120.199.45.230,Franc,-2.4653598,12.3181444
180,Dag,Swales,dswales4z@unesco.org,Male,119.164.42.190,Dollar,120.7223572,24.2521156
181,Giusto,Macklam,gmacklam50@slideshare.net,Male,249.210.109.242,Euro,14.4979088,46.3940407
182,Wyatan,Cartman,wcartman51@virginia.edu,Male,203.232.177.41,Krone,10.7673005,59.9050895
183,Gard,Camin,gcamin52@taobao.com,Male,156.36.211.160,Zloty,20.7999452,50.2527847
184,Chrisy,Vescovo,cvescovo53@redcross.org,Male,219.70.223.99,Yuan Renminbi,115.836219,23.436592
185,Vicky,Gayther,vgayther54@cbslocal.com,Female,168.34.57.45,Baht,98.3512841,7.9047781
186,Munmro,Josephsen,mjosephsen55@feedburner.com,Male,91.159.244.229,Yuan Renminbi,104.0663422,30.7016468
187,Raffaello,Smalman,rsmalman56@google.co.uk,Male,73.68.189.66,Rupiah,111.5498112,-7.3966297
188,Evey,Sirr,esirr57@tiny.cc,Female,123.164.255.70,Euro,25.2431539,56.5930499
189,Emmery,Bendell,ebendell58@soup.io,Male,129.27.171.169,Rial,49.2892129,31.9633663
190,Bronnie,de Marco,bdemarco59@unesco.org,Male,237.80.229.172,Peso,-75.4985521,6.323976
191,Clerkclaude,Hardwell,chardwell5a@soup.io,Male,67.15.74.169,Peso,-81.1940404,22.8080569
192,Stanton,Reyson,sreyson5b@jigsy.com,Male,75.204.210.227,Euro,3.2995005,48.1903349
193,Juliann,Baskeyfied,jbaskeyfied5c@discuz.net,Female,101.107.132.123,Ruble,37.5186129,55.706586
194,Barby,Chick,bchick5d@weibo.com,Female,48.181.74.98,Yen,140.628425,37.5330237
195,Rufe,Lindbergh,rlindbergh5e@tamu.edu,Male,32.65.238.142,Ruble,27.9918895,52.7990255
196,Annaliese,Kemish,akemish5f@wordpress.com,Female,223.65.185.188,Cordoba,-86.4920736,13.4817182
197,Avrom,Crellin,acrellin5g@fc2.com,Male,116.148.178.174,Euro,6.8173593,51.1879547
198,Glennis,Sandbatch,gsandbatch5h@utexas.edu,Female,214.117.86.117,Yuan Renminbi,111.7910758,23.1421682
199,Elmore,Daubney,edaubney5i@cdc.gov,Male,158.26.2.226,Euro,-3.7371617,40.3111887
200,Tandie,Schule,tschule5j@nsw.gov.au,Female,46.215.22.15,Tenge,78.3804417,45.0177112
201,Angelica,Gavagan,agavagan5k@fotki.com,Female,140.181.207.28,Won,125.7898106,38.8605311
202,Gertie,Willock,gwillock5l@salon.com,Female,182.10.249.57,Rupiah,106.3875898,-6.4930095
203,Katrina,Betham,kbetham5m@flickr.com,Female,16.30.69.184,Zloty,14.7217993,51.9784524
204,Jazmin,Liveley,jliveley5n@4shared.com,Agender,221.220.36.176,Yuan Renminbi,114.917346,27.817808
205,Kelsi,De Maria,kdemaria5o@sbwire.com,Female,102.70.84.12,Yuan Renminbi,106.230908,38.487193
206,Zacharia,Lambillion,zlambillion5p@patch.com,Male,212.44.187.187,Krona,11.9586978,57.5113755
207,Luci,Elington,lelington5q@mail.ru,Female,40.220.26.10,Krona,16.7769535,60.6184239
208,Ky,Mannering,kmannering5r@apple.com,Male,139.224.68.245,Yuan Renminbi,111.8568586,37.2425649
209,Saxon,Common,scommon5s@drupal.org,Male,237.209.54.38,Zloty,21.8107747,52.0264758
210,Anne-marie,O'Donegan,aodonegan5t@networkadvertising.org,Female,219.138.51.110,Ruble,27.7599272,54.8953858
211,Lev,Frankum,lfrankum5u@cbsnews.com,Male,10.45.101.30,Yuan Renminbi,118.949684,40.407578
212,Kevin,Cawsby,kcawsby5v@mlb.com,Male,175.26.205.245,Real,-37.1239897,-8.5309777
213,Beilul,Cannan,bcannan5w@joomla.org,Female,65.36.72.200,Peso,123.8022032,10.7027142
214,Estelle,Road,eroad5x@dyndns.org,Female,36.199.232.197,Koruna,13.0451816,50.1509066
215,Ealasaid,Yurocjhin,eyurocjhin5y@nytimes.com,Female,236.20.52.217,Naira,9.95729,12.565
216,Franciskus,Tattoo,ftattoo5z@mapy.cz,Male,134.100.243.102,Peso,123.6999,13.1029
217,Rafael,Scarrisbrick,rscarrisbrick60@liveinternet.ru,Male,252.140.169.203,Sol,-78.0552079,-8.132709
218,Guinna,McCrossan,gmccrossan61@g.co,Female,187.149.156.187,Peso,120.99848,14.5326092
219,Jasun,Comfort,jcomfort62@tmall.com,Agender,149.21.184.99,Denar,20.83028,41.30278
220,Viki,Selvey,vselvey63@google.de,Female,25.188.182.244,Euro,25.6487971,62.1032048
221,Ginni,Rolinson,grolinson64@howstuffworks.com,Female,112.57.35.146,Euro,-8.4886039,39.9599267
222,Caleb,Garnam,cgarnam65@hubpages.com,Polygender,55.91.238.5,Euro,-8.6691157,41.1741505
223,Katharyn,Lonnon,klonnon66@de.vu,Female,184.221.170.164,Baht,102.9715346,17.1390992
224,Dalli,Patinkin,dpatinkin67@booking.com,Male,199.230.172.64,Ruble,62.8405475,61.1995653
225,Aaron,MacCahee,amaccahee68@cornell.edu,Polygender,133.179.172.145,Dinar,8.6683097,35.5732078
226,August,Selvester,aselvester69@tumblr.com,Male,46.128.8.36,Shilling,35.9166669,-7.916667
227,Della,Wadley,dwadley6a@bing.com,Female,150.131.30.103,Rupiah,112.0237903,-7.2030729
228,Karna,Neil,kneil6b@theglobeandmail.com,Female,231.8.155.187,Rupiah,108.4595045,-7.0112331
229,Ariadne,Pinyon,apinyon6c@github.com,Genderqueer,49.255.116.69,Rupiah,114.5,-8.2
230,Madlin,Pfaff,mpfaff6d@youku.com,Female,31.132.227.80,Yuan Renminbi,111.566008,30.3352
231,Ichabod,Heathorn,iheathorn6e@businesswire.com,Male,28.35.123.103,Hryvnia,25.3426628,48.1782952
232,Nelly,Cessford,ncessford6f@dedecms.com,Female,201.208.132.220,Rupiah,108.7897976,-7.6487545
233,Niko,Warman,nwarman6g@auda.org.au,Male,155.247.23.60,Peso,125.6925429,7.1089121
234,Staci,Van der Mark,svandermark6h@squarespace.com,Polygender,221.71.221.9,Baht,98.9193549,18.6861986
235,Kean,Orrill,korrill6i@miitbeian.gov.cn,Male,23.72.53.45,Ruble,58.677007,52.7189291
236,Rubie,Yakuntsov,ryakuntsov6j@bravesites.com,Female,237.164.130.173,Dollar,175.2929384,-40.1929865
237,Town,Baldrick,tbaldrick6k@microsoft.com,Male,70.215.71.27,Peso,121.990643,12.405227
238,Tamiko,Djurevic,tdjurevic6l@jugem.jp,Female,54.44.42.119,Rupiah,135.7520985,-3.5095462
239,Kimbell,Curryer,kcurryer6m@moonfruit.com,Male,12.209.153.152,Real,-40.9384914,-20.8250212
240,Conchita,Renouf,crenouf6n@mozilla.org,Female,40.81.161.219,Peso,120.3466175,14.838448
241,Gauthier,Lincke,glincke6o@qq.com,Male,232.41.32.227,Euro,-9.0019336,38.6134405
242,Nomi,Bute,nbute6p@usgs.gov,Female,216.148.11.232,Taka,90.4997867,23.6237888
243,Jessie,Rosie,jrosie6q@uiuc.edu,Female,249.210.97.160,Yen,139.250061,36.2656673
244,Deana,Simonnet,dsimonnet6r@businesswire.com,Non-binary,49.133.5.137,Peso,-58.694037,-34.6809602
245,Fredi,Hertwell,fhertwell6s@marketwatch.com,Female,126.116.6.89,Rial,49.7013486,36.0720984
246,Raphael,Fearnside,rfearnside6t@goodreads.com,Genderqueer,17.79.133.43,Yuan Renminbi,121.42076,28.65638
247,Betsy,Gaynes,bgaynes6u@flickr.com,Female,177.176.35.253,Yuan Renminbi,102.521807,35.202503
248,Ives,Towell,itowell6v@amazon.co.jp,Male,154.189.242.130,Euro,7.417857,43.7281385
249,Gerhard,Greenslade,ggreenslade6w@abc.net.au,Genderfluid,88.88.167.105,Franc,8.5324101,47.3842312
250,Lorie,Evert,levert6x@earthlink.net,Female,18.204.168.72,Euro,2.3764372,43.4899263
251,Lilly,Earry,learry6y@timesonline.co.uk,Female,12.72.127.91,Peso,121.0774147,14.7569624
252,Sanders,Heephy,sheephy6z@sbwire.com,Male,184.225.81.159,Real,-37.2776539,-7.026967
253,Nealon,Pitfield,npitfield70@dell.com,Male,179.182.183.104,Dollar,-77.0380148,38.8991558
254,Katuscha,Clifft,kclifft71@arizona.edu,Female,30.43.173.52,Peso,121.5954324,16.7011823
255,Taylor,Messum,tmessum72@feedburner.com,Male,230.250.124.204,Peso,126.0502748,7.8394835
256,Ode,Ronchi,oronchi73@list-manage.com,Male,52.8.193.57,Yuan Renminbi,121.022581,31.627447
257,Merlina,Readett,mreadett74@360.cn,Female,67.204.183.26,Yuan Renminbi,128.0462031,46.9758047
258,Anatol,MacGuigan,amacguigan75@wsj.com,Male,46.70.25.44,Yuan Renminbi,119.965782,36.36257
259,Kym,Farney,kfarney76@huffingtonpost.com,Female,111.44.242.74,Yuan Renminbi,109.655804,31.302134
260,Wayland,Curro,wcurro77@twitter.com,Polygender,72.230.48.233,Euro,23.5410417,62.7107035
261,Maureene,McNee,mmcnee78@cloudflare.com,Female,69.156.106.149,Rupiah,113.287085,-7.0777326
262,Celle,Gamell,cgamell79@ycombinator.com,Female,74.2.31.63,Dollar,-82.5889012,28.0003221
263,Broderic,De Simone,bdesimone7a@dell.com,Male,53.54.152.30,Yuan Renminbi,117.015187,33.570769
264,Peadar,Huntress,phuntress7b@newsvine.com,Male,106.199.220.143,Zloty,21.0863266,51.8909212
265,Lou,Macro,lmacro7c@chronoengine.com,Male,66.65.94.66,Peso,121.879282,17.361305
266,Charis,Caplin,ccaplin7d@epa.gov,Female,220.22.6.22,Yuan Renminbi,112.375491,30.853265
267,Boris,Zamboniari,bzamboniari7e@google.ru,Male,95.117.32.225,Euro,3.8308136,43.6164958
268,Viviyan,Loraine,vloraine7f@themeforest.net,Bigender,32.87.104.253,Yuan Renminbi,82.415548,43.492878
269,Graham,Curran,gcurran7g@domainmarket.com,Male,2.102.221.180,Krone,-56.130556,72.79
270,Wilma,Schooley,wschooley7h@mashable.com,Female,192.216.142.220,Yuan Renminbi,119.579153,32.272766
271,Iago,Filon,ifilon7i@seesaa.net,Male,14.234.105.93,Dong,106.1192802,11.3675415
272,Geoffrey,Kennon,gkennon7j@smh.com.au,Non-binary,38.82.110.17,Dollar,-113.5832367,52.675914
273,Arin,Newson,anewson7k@webeden.co.uk,Male,243.29.127.193,Euro,-9.232542,39.3253135
274,Wynne,Feaveryear,wfeaveryear7l@gizmodo.com,Female,185.176.130.108,Ruble,30.0025887,54.4626821
275,Bevvy,O'Drought,bodrought7m@state.tx.us,Female,234.68.6.73,Euro,24.2916372,60.5061173
276,Celesta,Langridge,clangridge7n@tamu.edu,Female,186.156.22.203,Dirham,-5.3193997,32.7986666
277,Emmet,Caccavale,ecaccavale7o@icq.com,Agender,108.237.173.193,Euro,55.2828404,-21.0504707
278,Cherice,Alexander,calexander7p@ox.ac.uk,Female,231.27.19.67,Peso,-74.9208772,3.1852692
279,Jeanine,Wash,jwash7q@goo.ne.jp,Agender,68.46.132.203,Krona,15.196697,60.1536833
280,Yvonne,Coburn,ycoburn7r@google.nl,Female,82.186.230.23,Rupiah,112.4500076,-7.466569
281,Mollee,O Mullen,momullen7s@upenn.edu,Female,47.33.196.72,Dollar,149.4208333,7.6447222
282,Inness,Robarts,irobarts7t@tiny.cc,Genderfluid,220.43.167.227,Dollar,-81.3912772,28.322781
283,Georgina,Dalglish,gdalglish7u@cdc.gov,Female,174.151.152.32,Pula,27.637617,-22.5923709
284,Clemente,Keling,ckeling7v@harvard.edu,Polygender,143.15.231.165,Ariary,44.7451765,-24.6930487
285,Demetre,Phin,dphin7w@wikispaces.com,Male,7.209.90.182,Dollar,-75.738755,45.4518103
286,Adolphe,Corradino,acorradino7x@npr.org,Male,187.201.83.69,Peso,-75.1311874,5.478256
287,Delaney,Zottoli,dzottoli7y@mashable.com,Male,190.23.169.133,Franc,10.5239867,5.1443561
288,Crystal,Dendon,cdendon7z@flavors.me,Female,120.235.163.155,Real,-47.058302,-18.998706
289,Izabel,Grestye,igrestye80@jugem.jp,Female,102.5.110.173,Yuan Renminbi,89.220664,29.169486
290,Dasya,Bride,dbride81@xrea.com,Female,164.67.241.71,Yuan Renminbi,108.117456,34.326903
291,Orson,Mosco,omosco82@blogs.com,Male,161.43.132.35,Pound,31.3577987,31.2141203
292,Jasen,Burchard,jburchard83@un.org,Bigender,156.88.10.57,Kwanza,14.2337805,-6.2694214
293,Bobette,Apdell,bapdell84@github.com,Female,29.233.115.181,Real,-45.0479872,-23.4602881
294,Carlin,Abelson,cabelson85@surveymonkey.com,Bigender,195.93.209.241,Ruble,49.5179263,58.1951391
295,Bealle,Greig,bgreig86@smh.com.au,Male,254.81.113.101,Yuan Renminbi,93.330613,38.734814
296,Thain,Brierton,tbrierton87@woothemes.com,Male,14.197.45.200,Yuan Renminbi,121.614682,38.914003
297,Lyda,Salthouse,lsalthouse88@nps.gov,Female,118.209.150.28,Yuan Renminbi,122.307942,37.11671
298,Rafe,Tesh,rtesh89@nhs.uk,Male,239.46.124.154,Peso,120.94077,15.14442
299,Florri,Jachimiak,fjachimiak8a@un.org,Female,165.65.253.87,Euro,-7.0895241,40.3516608
300,Rianon,Finneran,rfinneran8b@yolasite.com,Female,123.145.222.46,Tugrik,96.783333,48.966667
301,Erminia,Toward,etoward8c@discuz.net,Female,135.124.184.50,Pound,37.0561339,34.2469767
302,Oran,Thynne,othynne8d@netscape.com,Male,5.48.20.92,Euro,5.940651,44.2642895
303,Adolf,Cordero,acordero8e@blogs.com,Male,110.135.118.174,Denar,21.2277415,41.0417485
304,Nicolais,Stothert,nstothert8f@webnode.com,Male,57.61.242.225,Denar,20.905252,41.8984166
305,Mattie,Ilyin,milyin8g@psu.edu,Male,163.7.29.27,Euro,1.1518478,49.0261841
306,Anny,Szantho,aszantho8h@goodreads.com,Female,181.64.162.174,Baht,100.1927389,7.4286324
307,Zenia,Courson,zcourson8i@accuweather.com,Female,235.243.194.33,Yuan Renminbi,104.167501,31.12678
308,Bernie,Cookson,bcookson8j@comcast.net,Female,124.195.173.90,Riels,105.4645408,11.9924294
309,Augustine,Merrill,amerrill8k@biblegateway.com,Male,129.97.107.11,Yuan Renminbi,76.499773,39.244385
310,Amabelle,Greydon,agreydon8l@loc.gov,Female,102.176.49.212,Ruble,47.3773853,42.3728288
311,Cortney,Gerrish,cgerrish8m@adobe.com,Genderqueer,156.94.245.72,Manat,49.8670924,40.4092617
312,Far,Rohmer,frohmer8n@histats.com,Male,162.43.99.52,Franc,43.2726992,-11.6604039
313,Amaleta,Clementel,aclementel8o@theglobeandmail.com,Female,72.57.38.243,Manat,48.4401128,41.63514
314,Kelley,Sole,ksole8p@prlog.org,Male,77.160.177.245,Ruble,36.2249059,55.9576019
315,Evelyn,Ronnay,eronnay8q@ezinearticles.com,Female,101.153.1.186,Hryvnia,35.533341,47.7129895
316,Andrea,Lander,alander8r@cornell.edu,Female,114.60.126.217,Dollar,172.0223196,-43.7567555
317,Arther,Brunnstein,abrunnstein8s@unblog.fr,Male,9.108.74.128,Peso,-60.6722815,-33.0061376
318,Trista,Brash,tbrash8t@multiply.com,Female,9.104.40.162,Sol,-77.575554,-9.3928599
319,Teddie,Catcheside,tcatcheside8u@ed.gov,Male,68.56.112.170,Dollar,-78.9853813,36.025609
320,Felisha,MacAughtrie,fmacaughtrie8v@miitbeian.gov.cn,Bigender,237.60.231.100,Real,-42.374164,-19.4085525
321,Clarke,Condit,ccondit8w@dagondesign.com,Male,13.76.225.65,Euro,4.9246444,50.4198861
322,De witt,Linham,dlinham8x@latimes.com,Male,33.144.22.121,Shekel,35.254768,31.896059
323,Alister,Kenson,akenson8y@skype.com,Male,149.100.19.211,Rupiah,107.6896073,-6.9586416
324,Nickolas,Headland,nheadland8z@virginia.edu,Male,11.166.33.245,Yuan Renminbi,122.120419,37.513068
325,Quentin,Schurig,qschurig90@ovh.net,Male,149.121.172.243,Peso,125.9551406,8.0708562
326,Ryley,Baggs,rbaggs91@berkeley.edu,Male,146.245.146.156,Peso,-55.963705,-34.7117766
327,Kenyon,O'Gready,kogready92@github.io,Bigender,139.139.18.89,Tenge,70.0973718,53.016924
328,Larissa,Grigorian,lgrigorian93@china.com.cn,Female,64.112.190.22,Sol,-73.063881,-13.97797
329,Cathrin,Rowbotham,crowbotham94@friendfeed.com,Bigender,213.51.225.100,Yuan Renminbi,105.220236,31.029897
330,Jacquenette,Ciciari,jciciari95@who.int,Female,240.133.75.250,Koruna,14.0545902,50.1681931
331,Yvor,Marguerite,ymarguerite96@noaa.gov,Male,70.125.118.108,Ruble,56.1415665,57.9887927
332,Veronica,Marciskewski,vmarciskewski97@arizona.edu,Female,96.158.6.124,Shekel,35.150876,32.068743
333,Della,Trass,dtrass98@godaddy.com,Female,30.82.184.230,Zloty,14.8755999,52.4530993
334,Sadie,Troni,stroni99@biblegateway.com,Female,62.149.11.173,Euro,27.4136645,59.3573116
335,Ramonda,Damato,rdamato9a@homestead.com,Female,26.161.2.62,Yuan Renminbi,115.217658,37.943121
336,Lotti,Boys,lboys9b@surveymonkey.com,Non-binary,97.200.191.241,Rupiah,108.1636206,-7.3990333
337,Gisela,Auten,gauten9c@barnesandnoble.com,Female,150.120.182.39,Dollar,-73.858939,45.448409
338,Tiffi,Block,tblock9d@cnet.com,Genderfluid,130.102.188.44,Yen,140.1011565,38.0565317
339,Doralynn,Baraclough,dbaraclough9e@ning.com,Female,225.37.35.176,Yuan Renminbi,114.462061,36.639033
340,Selma,Gracey,sgracey9f@redcross.org,Genderfluid,33.124.161.109,Yuan Renminbi,114.6843819,38.0324108
341,Kissiah,Jeaves,kjeaves9g@cnn.com,Non-binary,234.109.31.247,Kuna,17.0215239,43.2937769
342,Jerry,Layton,jlayton9h@shutterfly.com,Male,194.143.1.194,Euro,14.4192223,46.2433699
343,Wendall,Wrassell,wwrassell9i@hubpages.com,Male,229.184.65.245,Krona,18.3648033,59.6535297
344,Raine,Bloodworth,rbloodworth9j@buzzfeed.com,Female,239.46.46.122,Peso,-76.02611,6.750597
345,Hugibert,Ghest,hghest9k@twitter.com,Male,49.20.133.203,Rufiyaa,73.3082308,2.5045603
346,Clair,Fallowes,cfallowes9l@netlog.com,Male,42.123.4.204,Real,-48.7817857,-27.6856839
347,Corilla,Haton,chaton9m@wisc.edu,Female,129.205.225.81,Yen,131.4194175,33.5449468
348,Debi,Domesday,ddomesday9n@list-manage.com,Genderqueer,159.6.206.255,Yuan Renminbi,117.078294,39.982718
349,Pippa,Hebborn,phebborn9o@jigsy.com,Female,40.252.35.174,Ruble,25.2027,52.644
350,Linet,Heifer,lheifer9p@yahoo.co.jp,Female,220.20.149.90,Peso,123.9881642,12.6679167
351,Kirbie,Madden,kmadden9q@miibeian.gov.cn,Female,100.244.33.205,Rupiah,107.9703,-7.3312
352,Adham,Donohoe,adonohoe9r@imdb.com,Male,15.70.72.151,Euro,2.072661,48.7853082
353,Melodee,Trembley,mtrembley9s@goo.ne.jp,Female,174.184.77.32,Rupiah,112.7420274,-7.3198199
354,Homer,Shevelin,hshevelin9t@unesco.org,Male,173.132.103.252,Ariary,46.0515529,-18.7679039
355,Maureene,Aspole,maspole9u@mozilla.org,Female,103.13.231.210,Rufiyaa,73.3082308,2.5045603
356,Lillis,Choppen,lchoppen9v@dot.gov,Female,203.117.163.97,Peso,-105.4093552,20.8965838
357,Sherill,Bauman,sbauman9w@aboutads.info,Female,81.138.229.1,Rupiah,111.1384418,-6.7836529
358,Nadeen,Cullon,ncullon9x@skyrock.com,Female,193.49.244.179,Lempira,-87.8,15.25
359,Harman,McCaster,hmccaster9y@miibeian.gov.cn,Male,250.83.147.214,Peso,-76.214046,1.932389
360,Odelinda,Tallant,otallant9z@biblegateway.com,Bigender,176.18.197.127,Rial,49.4017092,37.1702603
361,Fred,McCullogh,fmccullogha0@economist.com,Female,104.179.111.3,Real,-51.366412,-23.3105968
362,Yoko,Brew,ybrewa1@loc.gov,Female,125.178.166.234,Ruble,45.5278152,43.4009223
363,Skippy,Tarney,starneya2@dyndns.org,Male,238.225.61.137,Pound,30.9427433,30.6795086
364,Leta,Coveny,lcovenya3@hubpages.com,Female,129.219.187.100,Yuan Renminbi,125.664662,43.525311
365,Raven,Hiseman,rhisemana4@google.es,Female,216.144.189.225,Ruble,33.2878545,54.152383
366,Roxana,Downs,rdownsa5@myspace.com,Bigender,63.210.167.3,Lev,28.0224528,43.3182911
367,Gerek,Rosentholer,grosentholera6@gizmodo.com,Male,154.129.37.226,Peso,120.6380367,15.590487
368,Judie,Ericsson,jericssona7@jiathis.com,Female,251.46.180.72,Rupiah,112.7330892,-7.5145399
369,Bartholomeo,Gudge,bgudgea8@pinterest.com,Male,187.158.175.232,Lev,24.1502631,43.3615249
370,Krissie,Gready,kgreadya9@last.fm,Female,239.5.224.218,Dollar,-73.4310787,45.8377021
371,Lyle,Newell,lnewellaa@apple.com,Male,249.149.133.113,Kwacha,28.2175744,-12.8231947
372,Merilyn,Race,mraceab@europa.eu,Bigender,217.134.50.150,Euro,21.4727058,61.1066573
373,Flem,Dyster,fdysterac@nba.com,Male,194.104.2.181,Guarani,-56.7383988,-23.4595396
374,Kimberley,McIlwrick,kmcilwrickad@nhs.uk,Female,107.121.126.20,Euro,5.8564699,51.9489686
375,Spike,Gwinnett,sgwinnettae@census.gov,Male,128.170.107.55,Yuan Renminbi,96.609741,32.663268
376,Sydney,Easom,seasomaf@smugmug.com,Genderfluid,85.193.93.73,Rupiah,107.0244171,-6.6769374
377,Gordie,Brockie,gbrockieag@studiopress.com,Male,20.69.202.229,Rupiah,110.2579036,-6.9484206
378,Nike,Minter,nminterah@comsenz.com,Female,120.48.6.75,Real,-36.8788381,-10.3327498
379,Shawn,Rubrow,srubrowai@xinhuanet.com,Female,178.166.218.215,Yuan Renminbi,109.482078,28.572029
380,Adelina,Clendening,aclendeningaj@weebly.com,Female,24.2.107.107,Yuan Renminbi,116.176742,27.450156
381,Halette,Tulloch,htullochak@army.mil,Female,170.21.117.55,Yuan Renminbi,118.775821,26.05045
382,Gregorius,Sidney,gsidneyal@economist.com,Male,229.232.58.208,Zloty,16.8896987,50.3467983
383,Ian,Sharper,isharperam@163.com,Male,146.187.188.29,Rupiah,107.9146687,-7.1044542
384,Ashley,Holdworth,aholdworthan@aol.com,Polygender,177.241.4.241,Ruble,30.6676956,61.750154
385,Ofella,Royal,oroyalao@privacy.gov.au,Female,7.191.150.112,Koruna,16.0657342,48.8242268
386,Brooke,Suscens,bsuscensap@weebly.com,Male,24.57.78.242,Yuan Renminbi,112.309325,25.521039
387,Bert,Whiscard,bwhiscardaq@house.gov,Male,18.252.254.187,Dollar,-122.2029832,37.8336281
388,Gunther,Ammer,gammerar@nsw.gov.au,Male,59.72.230.174,Peso,-73.919121,7.38153
389,Tammy,Anlay,tanlayas@zimbio.com,Female,33.146.178.210,Real,-43.7334089,-22.5284121
390,Stephie,Goldbourn,sgoldbournat@printfriendly.com,Female,52.105.96.166,Peso,122.476035,11.055153
391,Sammy,Whear,swhearau@adobe.com,Male,230.21.214.185,Hryvnia,24.6447745,48.5177572
392,Toinette,Bessell,tbessellav@miibeian.gov.cn,Female,98.128.166.113,Dollar,-111.8749872,33.3107008
393,Lusa,McCaughen,lmccaughenaw@dailymail.co.uk,Female,67.129.104.26,Tugrik,91.634756,47.9795218
394,Jordan,MacKimm,jmackimmax@wix.com,Female,234.97.216.254,Quetzal,-91.6317765,15.3178606
395,Sigfried,Burditt,sburdittay@oaic.gov.au,Male,105.52.156.191,Euro,-9.3199202,38.8066531
396,Ross,Smithson,rsmithsonaz@rediff.com,Male,223.192.169.218,Yuan Renminbi,113.609286,33.437877
397,Beniamino,Anglish,banglishb0@netlog.com,Male,255.88.240.148,Ruble,52.3473021,55.6607711
398,Sandra,Gilders,sgildersb1@pinterest.com,Female,202.146.123.15,Dollar,147.3271949,-42.8821377
399,Ashley,Pettersen,apettersenb2@nymag.com,Male,98.160.246.57,Franc,-4.3667907,5.3262083
400,Krispin,Yakobovicz,kyakoboviczb3@ox.ac.uk,Male,122.154.151.218,Ruble,20.3700368,54.9257823
401,Tabatha,Huddart,thuddartb4@wikispaces.com,Polygender,169.140.70.223,Peso,-62.8239098,-28.4681949
402,Sherlock,MacEntee,smacenteeb5@hibu.com,Male,190.129.12.201,Gourde,-72.1579033,19.6990411
403,Tabb,Bredes,tbredesb6@techcrunch.com,Male,45.49.248.175,Dinar,24.5168391,29.7417348
404,Ruby,Hay,rhayb7@jalbum.net,Male,206.140.155.201,Rupiah,107.7340132,-6.9286248
405,Perry,Beharrell,pbeharrellb8@businessinsider.com,Male,115.4.156.69,Ruble,131.8411237,42.9895326
406,Allie,Swannie,aswannieb9@addthis.com,Female,220.140.31.60,Euro,19.3512591,43.3582371
407,Hodge,Branston,hbranstonba@reference.com,Male,177.42.243.239,Peso,-96.3598367,18.4458276
408,Pearla,Binnes,pbinnesbb@fda.gov,Genderqueer,69.226.247.217,Rupiah,110.1879106,-7.0265442
409,Annette,Bolesma,abolesmabc@spotify.com,Female,105.90.209.250,Yuan Renminbi,117.194396,28.701403
410,Wernher,Stanmer,wstanmerbd@sohu.com,Genderfluid,236.89.130.148,Dollar,30.8384093,-20.0791909
411,Duane,Dooney,ddooneybe@moonfruit.com,Male,138.250.71.30,Krona,11.8784699,57.6670364
412,Trev,Caulket,tcaulketbf@liveinternet.ru,Male,23.32.70.249,Rufiyaa,73.0685665,5.1025787
413,Felicdad,Spellacey,fspellaceybg@prlog.org,Female,60.253.61.47,Rupiah,124.3556,-9.5701
414,Gilburt,Kestle,gkestlebh@imdb.com,Male,232.225.132.225,Yuan Renminbi,120.005147,26.885704
415,Aida,Fragino,afraginobi@taobao.com,Female,39.195.241.176,Shilling,31.5370003,0.5772758
416,Corenda,Winborn,cwinbornbj@narod.ru,Female,200.97.214.186,Yuan Renminbi,115.768472,39.017921
417,Martyn,Whorf,mwhorfbk@youtu.be,Male,212.50.140.219,Peso,124.036411,12.712478
418,Ambrosi,MacKibbon,amackibbonbl@xing.com,Male,33.187.119.146,Real,-40.9050432,-18.8228804
419,Roslyn,Bruins,rbruinsbm@ning.com,Female,126.11.79.27,Ruble,30.5188521,59.834171
420,Terrence,Trevorrow,ttrevorrowbn@kickstarter.com,Male,197.100.8.239,Koruna,17.7311963,48.9776522
421,Jeffrey,Freckleton,jfreckletonbo@baidu.com,Male,195.249.181.149,Euro,-8.5349198,41.2378592
422,Simona,Sopp,ssoppbp@delicious.com,Agender,162.222.3.248,Euro,-0.3696612,43.2916776
423,Bobbie,Priter,bpriterbq@craigslist.org,Male,101.178.11.35,Dollar,-88.1401188,13.2206714
424,Barnett,Hamments,bhammentsbr@etsy.com,Male,190.61.95.128,Euro,4.4982869,52.1513886
425,Remy,Brabbins,rbrabbinsbs@a8.net,Female,5.146.124.100,Rupiah,106.1639749,-6.1103661
426,Nari,Maine,nmainebt@house.gov,Female,193.223.117.165,Yuan Renminbi,107.762268,31.904326
427,Elfrida,Pudsall,epudsallbu@hostgator.com,Female,227.111.252.36,Quetzal,-91.780213,14.904946
428,Gunilla,Snalum,gsnalumbv@storify.com,Female,137.178.25.207,Yuan Renminbi,-86.2208503,39.9121556
429,Markus,Signorelli,msignorellibw@wikia.com,Male,108.32.160.171,Yuan Renminbi,119.17604,32.601214
430,Todd,McNeigh,tmcneighbx@123-reg.co.uk,Male,184.86.91.25,Yuan Renminbi,120.013991,30.66044
431,Jervis,Lesly,jleslyby@dot.gov,Male,133.94.78.124,Yuan Renminbi,114.089617,22.545902
432,Clarice,Hairesnape,chairesnapebz@angelfire.com,Female,247.141.39.105,Yuan Renminbi,101.53771,25.052896
433,Alister,Rosetti,arosettic0@ycombinator.com,Male,237.7.32.200,Krona,17.8170502,59.4380021
434,Carmen,Asel,caselc1@odnoklassniki.ru,Female,21.27.41.163,Ruble,85.8919042,52.0310393
435,Adolf,Doumic,adoumicc2@princeton.edu,Male,222.71.203.118,Euro,4.9789041,43.4988397
436,Mikel,Cantle,mcantlec3@github.com,Male,7.47.177.38,Rupiah,106.105204,-6.2468515
437,Lisa,Casbourne,lcasbournec4@yolasite.com,Female,233.212.171.55,Koruna,13.5559769,49.5642187
438,Anatol,Mayger,amaygerc5@a8.net,Non-binary,182.170.254.42,Yuan Renminbi,116.013047,23.477539
439,Lauren,Wingrove,lwingrovec6@gravatar.com,Female,84.63.35.223,Euro,-8.9161487,38.6640687
440,Matty,Gianelli,mgianellic7@wiley.com,Male,79.75.82.165,Koruna,13.9706421,49.9609687
441,Ambrosio,Jobbins,ajobbinsc8@cafepress.com,Male,70.72.146.53,Rupiah,106.1698563,-6.1869527
442,Olva,Stammer,ostammerc9@nationalgeographic.com,Female,157.221.208.157,Peso,-100.3638252,25.9375976
443,Halsy,Douce,hdouceca@springer.com,Male,17.123.82.43,Cordoba,-86.0962783,11.9050612
444,Camala,Carillo,ccarillocb@constantcontact.com,Female,232.163.206.130,Real,-35.8808337,-7.2290752
445,Abigale,Rue,aruecc@dmoz.org,Female,89.192.211.21,Rupiah,111.4737946,-6.6389142
446,My,Eastope,meastopecd@scribd.com,Male,203.184.223.111,Franc,-7.5572231,9.5188754
447,Morgan,Stanbridge,mstanbridgece@craigslist.org,Male,4.50.12.152,Euro,22.0300208,37.6818606
448,Delmor,McDougle,dmcdouglecf@typepad.com,Male,72.246.99.114,Peso,121.1317352,14.1929998
449,Tami,Itscowics,titscowicscg@mapquest.com,Female,162.35.48.176,Ringgit,101.7178316,3.1523104
450,Wakefield,Myatt,wmyattch@fema.gov,Male,174.73.143.198,Afghani,67.6364059,35.326057
451,Giustino,Rothman,grothmanci@kickstarter.com,Male,13.223.38.188,Yuan Renminbi,118.449305,32.032275
452,Madonna,Yanukhin,myanukhincj@bing.com,Female,218.17.95.231,Yuan Renminbi,103.998074,30.698901
453,Gwenore,Rounds,groundsck@addtoany.com,Female,41.80.28.170,Dong,107.136224,10.4113797
454,Guinna,Went,gwentcl@patch.com,Female,38.68.145.90,Euro,-61.5340396,16.2413934
455,Bert,Peniman,bpenimancm@1688.com,Female,53.252.81.254,Euro,14.240092,36.04337
456,Rube,Philpots,rphilpotscn@oracle.com,Male,82.36.10.147,Rupiah,112.054703,-6.921715
457,North,Tunnadine,ntunnadineco@jimdo.com,Male,209.139.217.167,Som,71.6080009,42.7197486
458,Horten,Gamil,hgamilcp@rediff.com,Male,133.35.9.42,Yuan Renminbi,117.500558,40.417358
459,Dom,Schelle,dschellecq@pcworld.com,Male,32.233.76.188,Leone,-10.9524441,7.9929954
460,Horst,Bonwell,hbonwellcr@skyrock.com,Male,91.49.99.159,Yuan Renminbi,118.648066,24.732204
461,Fidelity,Tweedy,ftweedycs@rambler.ru,Female,35.213.211.56,Peso,121.97007,16.7184323
462,Orazio,Alkins,oalkinsct@blogtalkradio.com,Male,216.103.19.244,Real,-38.0631455,-4.4505838
463,Abran,Thomazin,athomazincu@mapquest.com,Male,220.82.42.1,Rupee,68.6593883,25.0617484
464,Sheridan,Faireclough,sfairecloughcv@eepurl.com,Male,61.40.14.134,Peso,123.3412743,7.8042011
465,Hortense,Bahde,hbahdecw@tinypic.com,Female,67.134.219.255,Peso,-72.5729823,-47.2535728
466,Elia,Cane,ecanecx@guardian.co.uk,Male,9.74.168.25,Euro,1.820875,47.5113895
467,Buddy,Blasgen,bblasgency@netlog.com,Genderqueer,248.227.120.0,Yen,130.4936331,33.5147935
468,Holmes,Kinchley,hkinchleycz@vistaprint.com,Genderqueer,135.200.178.65,Yen,140.2633467,38.1483676
469,Crawford,Spire,cspired0@slate.com,Male,228.183.72.18,Yen,140.4015949,38.4898826
470,Alexandr,MacKeller,amackellerd1@bigcartel.com,Male,103.10.38.173,Ruble,84.1556369,53.4507552
471,Bryn,Dalgarnowch,bdalgarnowchd2@census.gov,Male,127.235.171.194,Rupiah,110.5933862,-7.5173045
472,Rolfe,McIlvoray,rmcilvorayd3@nationalgeographic.com,Male,242.104.215.95,Rupiah,106.40417,-6.81482
473,Aile,Kulis,akulisd4@dailymail.co.uk,Female,141.65.176.167,Hryvnia,36.8246053,46.9167921
474,Katy,Kilmister,kkilmisterd5@springer.com,Female,4.212.111.89,Rupiah,111.001332,-6.6487025
475,Hakim,Chessor,hchessord6@cafepress.com,Male,19.24.60.54,Sol,-72.8936384,-14.3386959
476,Letti,Greenstreet,lgreenstreetd7@a8.net,Female,90.40.91.51,Peso,121.051001,14.7292218
477,Tedman,Durnill,tdurnilld8@mit.edu,Male,208.151.240.161,Lev,27.5250475,41.9797938
478,Demetre,Kalberer,dkalbererd9@princeton.edu,Male,37.137.230.199,Ruble,41.151,51.1632
479,Hermina,Strathearn,hstrathearnda@exblog.jp,Female,177.96.119.68,Zloty,19.93965,49.83347
480,Lynne,Cheel,lcheeldb@infoseek.co.jp,Female,25.98.43.143,Rupiah,121.7508912,-8.7334983
481,Leupold,Ellens,lellensdc@howstuffworks.com,Male,60.33.150.196,Zloty,22.4322889,50.045621
482,Joseph,Seldon,jseldondd@list-manage.com,Male,191.51.43.236,Ruble,39.9972,51.0846
483,Shawn,Mordin,smordinde@uiuc.edu,Male,27.164.151.186,Euro,23.5418125,38.0412749
484,Stacey,Abbis,sabbisdf@wikipedia.org,Female,18.208.201.137,Rupiah,106.0877,-6.1919
485,Bennie,Kendle,bkendledg@princeton.edu,Male,49.52.26.224,Euro,55.2828404,-21.0504707
486,Ralph,Cuncliffe,rcuncliffedh@smh.com.au,Male,129.4.17.73,Yuan Renminbi,117.939854,33.120053
487,Mikael,Caddan,mcaddandi@lycos.com,Male,54.38.101.229,Yuan Renminbi,111.777681,29.264004
488,Kennan,Jouhning,kjouhningdj@wikipedia.org,Male,27.112.105.142,Peso,121.0317737,14.565668
489,Germain,Bwy,gbwydk@reddit.com,Male,80.113.241.190,Yuan Renminbi,121.509453,36.87117
490,Horatius,Foulcher,hfoulcherdl@sitemeter.com,Male,126.38.169.248,Lempira,-87.4133145,15.8107755
491,Merl,Swindon,mswindondm@goodreads.com,Agender,47.248.239.55,Dollar,-80.5993854,41.1071733
492,Gerik,Praton,gpratondn@typepad.com,Male,26.254.59.93,Lari,45.0430369,41.5225612
493,Harlene,Brodnecke,hbrodneckedo@irs.gov,Female,181.173.227.96,Dollar,-84.0801613,30.5547139
494,Mordy,de Chastelain,mdechastelaindp@example.com,Male,17.171.192.74,Rupiah,112.0178286,-7.8480156
495,Eldon,O'Lochan,eolochandq@hc360.com,Male,51.251.141.83,Euro,-9.3311668,38.796352
496,Thedrick,Rampley,trampleydr@wp.com,Male,46.218.156.238,Euro,-0.5702805,44.8501354
497,Biron,Shawyers,bshawyersds@360.cn,Male,84.227.130.167,Peso,124.3443856,7.9712866
498,Derry,Mylechreest,dmylechreestdt@eepurl.com,Male,112.237.31.2,Ruble,93.0249306,60.3767999
499,Elton,Sine,esinedu@liveinternet.ru,Male,40.205.194.52,Yen,141.1515091,39.7028389
500,Gabriell,Reglar,greglardv@ox.ac.uk,Female,165.137.230.85,Tugrik,100.7724281,48.7277622
501,Junia,Mayhou,jmayhoudw@csmonitor.com,Female,44.101.192.88,Franc,0.7556575,14.0031627
502,Dougie,Brosh,dbroshdx@ucoz.com,Male,70.177.34.180,Yuan Renminbi,114.872199,30.453667
503,Pandora,Dickon,pdickondy@squarespace.com,Female,207.246.234.174,Ringgit,118.3157161,5.0281872
504,Genevieve,Lethardy,glethardydz@amazon.de,Female,238.13.111.143,Peso,-77.072933,1.683061
505,Roddy,Nestoruk,rnestoruke0@imageshack.us,Genderfluid,173.131.70.110,Franc,-149.3081197,-17.72332
506,Clare,Ginley,cginleye1@dion.ne.jp,Male,206.242.232.40,Rupiah,108.6561601,-7.4400668
507,Thane,Corse,tcorsee2@cbsnews.com,Male,129.179.248.106,Ruble,46.2520423,53.3412978
508,Jack,Faichney,jfaichneye3@ebay.co.uk,Male,9.108.131.179,Ruble,30.6795112,59.943775
509,Toni,Beer,tbeere4@hao123.com,Female,60.78.67.179,Euro,-7.7461418,39.3641607
510,Kizzie,Osichev,kosicheve5@umn.edu,Female,157.147.100.76,Ruble,38.4290322,52.6630895
511,Philomena,Klimke,pklimkee6@who.int,Agender,172.22.64.107,Euro,5.868937,45.644535
512,Aggie,Agott,aagotte7@wsj.com,Female,9.98.114.225,Yuan Renminbi,119.460526,29.208918
513,Abra,Pipworth,apipworthe8@infoseek.co.jp,Female,55.37.183.27,Ruble,33.7584959,59.4907385
514,Carolina,Duchesne,cduchesnee9@google.com,Female,71.45.231.233,Real,-40.323089,-10.507793
515,Corrie,Beecroft,cbeecroftea@java.com,Female,77.33.183.225,Zloty,20.4515916,52.0592063
516,Lyssa,Finlay,lfinlayeb@drupal.org,Female,199.242.7.243,Yuan Renminbi,86.325054,44.533814
517,Anatol,Grotty,agrottyec@w3.org,Male,93.65.89.45,Rupiah,111.6720346,-6.9932513
518,Edythe,Aksell,eakselled@csmonitor.com,Female,223.168.113.180,Guarani,-56.0222113,-24.7406868
519,Danna,Reyes,dreyesee@ocn.ne.jp,Female,131.185.233.75,Euro,5.7198625,50.8269051
520,Estrellita,Sedgeworth,esedgeworthef@meetup.com,Female,68.45.40.164,Marka,16.7228288,44.5597467
521,Tiphani,Pirdue,tpirdueeg@privacy.gov.au,Polygender,245.111.170.81,Yen,130.8260172,33.0205233
522,Sunny,Keenlayside,skeenlaysideeh@163.com,Male,32.97.211.171,Dollar,-106.6167113,35.1332903
523,Elsbeth,Dance,edanceei@ycombinator.com,Female,155.28.75.197,Dollar,-78.8458135,-2.7389977
524,Marcella,Braunfeld,mbraunfeldej@naver.com,Female,175.155.92.244,Dollar,-112.28609,33.7868136
525,Zared,Domenicone,zdomeniconeek@bbc.co.uk,Male,22.203.85.58,Rupee,80.9435092,6.76716
526,Alexis,Touson,atousonel@ifeng.com,Female,87.182.214.25,Kuna,15.6521179,44.8547059
527,Kathlin,Jansey,kjanseyem@1688.com,Female,200.35.73.251,Rupee,68.4470397,27.7537155
528,Denver,Meth,dmethen@walmart.com,Male,237.113.77.166,Franc,20.7956878,-6.4237489
529,Willis,Filler,wfillereo@angelfire.com,Male,193.139.107.35,Yuan Renminbi,119.105528,25.318672
530,Nickolas,Piffe,npiffeep@foxnews.com,Male,101.206.134.210,Rupiah,115.0498,-8.5588
531,Appolonia,Ferrey,aferreyeq@irs.gov,Female,21.226.91.71,Koruna,16.5735785,49.5470892
532,Carleton,Surman-Wells,csurmanwellser@washingtonpost.com,Male,158.17.72.25,Shilling,35.8089055,-8.7824511
533,Claudina,Samsonsen,csamsonsenes@live.com,Female,155.232.142.226,Euro,22.0269562,38.2831459
534,Glendon,Howison,ghowisonet@yale.edu,Male,185.157.111.129,Koruna,18.4323316,49.7719889
535,Barbe,Castelot,bcasteloteu@shutterfly.com,Female,119.241.127.82,Ruble,44.5711774,43.0414757
536,Ozzy,Luis,oluisev@xrea.com,Male,86.207.225.94,Yuan Renminbi,111.926694,29.49574
537,Lelia,Macvain,lmacvainew@paginegialle.it,Female,81.105.123.56,Lari,44.0946881,41.5979563
538,Albert,Camoys,acamoysex@google.pl,Male,188.160.253.164,Yuan Renminbi,115.865746,34.393136
539,Axe,McKeefry,amckeefryey@netlog.com,Male,77.21.189.219,Yuan Renminbi,85.871393,44.30672
540,Ruby,Hogsden,rhogsdenez@dyndns.org,Female,241.83.20.99,Yuan Renminbi,114.019351,22.656408
541,Nicolai,Yardy,nyardyf0@rambler.ru,Male,201.56.217.15,Ruble,31.4779,53.9266
542,Tara,Jermin,tjerminf1@blog.com,Female,153.21.133.144,Real,-41.2815064,-16.0047799
543,Aristotle,Cordero,acorderof2@csmonitor.com,Male,226.229.60.184,Rupiah,107.5593913,-6.9069547
544,Charity,Hansford,chansfordf3@diigo.com,Female,107.24.104.159,Euro,6.3315676,49.555456
545,Maddy,Cureton,mcuretonf4@google.com.au,Non-binary,69.84.8.200,Rupiah,106.7336319,-6.6579598
546,Morey,Burtenshaw,mburtenshawf5@bloomberg.com,Male,245.144.187.30,Peso,121.0665877,14.3537237
547,Kelcie,Lummis,klummisf6@goo.ne.jp,Female,215.100.8.200,Zloty,19.932785,50.409026
548,Ben,Truelock,btruelockf7@nps.gov,Male,120.234.228.1,Rupiah,108.0272646,-7.4565208
549,Trixi,Brunker,tbrunkerf8@sciencedirect.com,Bigender,185.99.216.8,Dollar,-87.4108352,41.6020598
550,Clara,Barends,cbarendsf9@independent.co.uk,Female,252.241.224.117,Euro,6.9347107,52.781689
551,Lynette,Grafton-Herbert,lgraftonherbertfa@paginegialle.it,Female,89.202.61.115,Zloty,22.079037,49.5491923
552,Tad,Pill,tpillfb@go.com,Male,223.22.50.191,Yuan Renminbi,104.778442,29.33903
553,Victor,Bulfield,vbulfieldfc@histats.com,Male,218.167.243.222,Peso,-79.4956974,22.0808448
554,Dmitri,Meach,dmeachfd@google.nl,Non-binary,170.77.170.60,Koruna,14.2734313,50.6614767
555,Fay,Vidyapin,fvidyapinfe@macromedia.com,Female,56.225.147.41,Yen,130.608934,32.9901655
556,Tynan,Stratford,tstratfordff@dyndns.org,Male,83.28.46.183,Euro,2.511999,43.7441795
557,Dory,Radbourne,dradbournefg@amazonaws.com,Agender,215.101.243.132,Kwacha,35.3082117,-16.0100923
558,Aloysia,Bulch,abulchfh@usa.gov,Female,139.56.204.163,Real,-35.9701874,-8.2849639
559,Patricia,Abbatt,pabbattfi@domainmarket.com,Female,253.112.139.11,Euro,2.8862985,46.1408985
560,Sam,Swains,sswainsfj@quantcast.com,Female,32.228.181.104,Som,69.0612582,41.1213095
561,Gunther,Hadley,ghadleyfk@cpanel.net,Male,131.226.242.133,Peso,-58.2177722,-33.5339107
562,Shaw,Tilne,stilnefl@bandcamp.com,Male,170.186.111.115,Shilling,39.7433571,-4.9426131
563,Thorin,Banting,tbantingfm@ucla.edu,Male,109.143.113.107,Rupiah,108.5641267,-7.4621337
564,Elise,Bento,ebentofn@sun.com,Genderqueer,43.12.180.238,Euro,5.8855505,44.346784
565,Shina,Clucas,sclucasfo@columbia.edu,Female,19.105.103.30,Dollar,-116.4428615,53.5855087
566,Greta,Vanin,gvaninfp@newsvine.com,Female,30.254.125.199,Zloty,19.1833654,49.6246813
567,Luther,Doel,ldoelfq@weather.com,Male,6.174.111.246,Ruble,45.7880956,43.2003718
568,Duncan,Gooder,dgooderfr@theguardian.com,Bigender,150.209.44.64,Baht,100.1927389,8.287423
569,Aubry,Sweeten,asweetenfs@wufoo.com,Female,60.99.217.219,Euro,-1.5651373,47.2195152
570,Fletch,Siley,fsileyft@patch.com,Male,148.49.54.222,Bolivar,-64.8318347,9.4546148
571,Nevins,Draper,ndraperfu@loc.gov,Male,103.241.211.34,Peso,-99.6684882,19.7899891
572,Janella,Mulrooney,jmulrooneyfv@mapquest.com,Female,95.114.235.31,Ruble,30.648656,60.0190188
573,Gennie,Cutmere,gcutmerefw@unicef.org,Female,163.80.179.235,Yuan Renminbi,114.038736,32.448742
574,Carlotta,Pressdee,cpressdeefx@phpbb.com,Female,14.40.106.232,Kyat,92.8676861,20.1527657
575,Erma,Floyde,efloydefy@edublogs.org,Female,249.178.9.76,Yuan Renminbi,111.8568586,37.2425649
576,Ivor,Whordley,iwhordleyfz@china.com.cn,Male,100.245.222.44,Krone,10.9167426,59.9588359
577,Ashlie,Michelet,amicheletg0@paypal.com,Female,26.95.21.246,Rupiah,113.9564,-7.0353
578,Evy,Moyers,emoyersg1@discuz.net,Female,30.199.192.253,Shekel,34.835226,32.084932
579,Vanya,Meadus,vmeadusg2@ihg.com,Male,66.158.39.148,Dollar,-122.2732025,37.8064547
580,Raddie,Love,rloveg3@google.nl,Male,147.11.65.59,Euro,20.1014899,60.0679685
581,Chaddy,Sebring,csebringg4@google.nl,Male,106.154.22.241,Krona,15.1567161,59.2256419
582,Nevil,Dombrell,ndombrellg5@mail.ru,Male,53.86.105.136,Pula,27.637617,-22.5923709
583,Tyne,Caulton,tcaultong6@harvard.edu,Female,128.70.10.76,Yuan Renminbi,115.568583,28.643587
584,Sibby,Marklew,smarklewg7@biblegateway.com,Female,237.190.206.235,Rupiah,107.2666396,-7.2929068
585,Hersh,Wichard,hwichardg8@google.ru,Male,35.219.217.229,Yuan Renminbi,112.122426,32.009016
586,Mortie,Doey,mdoeyg9@furl.net,Male,16.135.230.120,Euro,22.4914418,39.8037641
587,Gilles,Hamal,ghamalga@phpbb.com,Male,179.96.159.186,Ruble,40.2997102,51.1434519
588,Antin,Pilcher,apilchergb@gov.uk,Male,234.144.80.15,Zloty,22.0252771,49.7708764
589,Kaylil,Beggan,kbeggangc@so-net.ne.jp,Female,241.110.153.211,Dong,108.2521815,16.1069981
590,Terza,Plant,tplantgd@nymag.com,Female,202.166.4.128,Yuan Renminbi,118.473619,27.587249
591,Jori,Abyss,jabyssge@bbc.co.uk,Genderfluid,56.76.124.150,Ruble,39.0848844,44.0752881
592,Mohammed,Wickersham,mwickershamgf@topsy.com,Male,142.184.90.168,Euro,22.4916502,40.7655701
593,Erskine,Errington,eerringtongg@xing.com,Male,3.64.129.85,Kuna,17.5621055,45.8618299
594,Arleen,Leathart,aleathartgh@washingtonpost.com,Female,18.115.214.81,Dram,44.8736389,40.5763147
595,Jorrie,Meates,jmeatesgi@comsenz.com,Female,46.17.49.55,Peso,123.2715608,13.559532
596,Karlan,Tremble,ktremblegj@dropbox.com,Male,58.22.148.100,Euro,21.3138403,37.8978165
597,Cyrillus,Stanner,cstannergk@eepurl.com,Male,254.197.32.123,Euro,32.4070834,34.8281946
598,Silas,Lamprecht,slamprechtgl@princeton.edu,Male,215.244.169.3,Euro,0.108211,49.48153
599,Rollins,O' Hogan,rohogangm@nature.com,Male,124.130.91.162,Euro,15.0570131,46.4100106
600,Lazare,Ashford,lashfordgn@psu.edu,Male,161.45.202.89,Yuan Renminbi,116.251947,29.731101
601,Vivienne,Berkely,vberkelygo@blogs.com,Female,236.204.129.60,Rupiah,100.2880581,0.839501
602,Shela,Samber,ssambergp@umich.edu,Polygender,15.217.198.251,Yuan Renminbi,111.439528,36.457599
603,Mayne,Beseke,mbesekegq@ocn.ne.jp,Male,209.106.98.247,Rupiah,112.1132142,-8.0061188
604,Rawley,Dofty,rdoftygr@dell.com,Male,67.199.110.176,Euro,-9.1453137,38.796598
605,Ian,Tabourier,itabouriergs@ameblo.jp,Genderqueer,221.130.135.225,Ruble,26.7405466,53.8882122
606,Melisande,Sothcott,msothcottgt@arstechnica.com,Female,125.201.33.130,Euro,21.444609,60.9501559
607,Pinchas,Tembey,ptembeygu@msu.edu,Male,178.163.234.244,Euro,-8.6326289,40.3809227
608,Denny,Rehn,drehngv@hexun.com,Male,55.2.170.105,Dollar,-122.2029832,37.8336281
609,Kendra,Glading,kgladinggw@fotki.com,Bigender,10.58.90.120,Rupiah,117.4703209,-8.4880061
610,Kimmie,Wagge,kwaggegx@nifty.com,Non-binary,228.109.204.161,Ruble,59.0476359,56.85206
611,Margaretha,Billham,mbillhamgy@goo.ne.jp,Female,218.102.98.149,Yuan Renminbi,120.897694,29.987298
612,Marylee,Maffini,mmaffinigz@omniture.com,Female,244.20.155.146,Peso,-58.7176959,-34.5656691
613,Reena,Urien,rurienh0@examiner.com,Female,232.202.16.119,Koruna,15.8815566,49.4434442
614,Betta,Leed,bleedh1@goo.ne.jp,Genderqueer,169.229.205.238,Peso,-73.51997,4.693039
615,Gasparo,Gobbett,ggobbetth2@storify.com,Male,142.121.183.155,Rupee,73.02329,34.67719
616,Roxane,Carslake,rcarslakeh3@macromedia.com,Female,242.71.46.206,Yuan Renminbi,112.44069,23.634675
617,Penny,Rubbert,prubberth4@ameblo.jp,Male,233.226.229.117,Yuan Renminbi,110.084068,21.17016
618,Ketti,Pallesen,kpallesenh5@hugedomains.com,Female,27.64.21.246,Ruble,40.1763516,45.3913779
619,Westbrook,Giddy,wgiddyh6@tumblr.com,Male,35.78.191.223,Pound,35.9642215,32.8335722
620,Noble,Darley,ndarleyh7@infoseek.co.jp,Male,128.186.76.255,Krona,14.6053692,61.0180334
621,Dorthy,Carnaman,dcarnamanh8@blogtalkradio.com,Female,46.81.228.199,Yuan Renminbi,118.3106107,35.2488461
622,Domenico,Ganderton,dgandertonh9@europa.eu,Male,169.63.193.224,Pound,-1.3347302,54.7598905
623,Alaine,Flute,afluteha@google.co.jp,Bigender,241.159.91.232,Yuan Renminbi,110.191933,29.57858
624,Kimbell,Beccera,kbeccerahb@census.gov,Agender,236.133.187.84,Dinar,21.8238023,43.1912783
625,Angelia,Denyukin,adenyukinhc@amazon.co.jp,Female,35.216.27.194,Yuan Renminbi,99.541236,25.464681
626,Rickard,Siemon,rsiemonhd@seattletimes.com,Male,50.123.51.149,Peso,124.1145436,12.6521788
627,Sam,Matijevic,smatijeviche@google.es,Female,199.23.92.52,Yuan Renminbi,117.35726,38.937928
628,Andy,Corselles,acorselleshf@imageshack.us,Female,38.27.60.8,Som,65.67947,40.56762
629,Joshia,Lockyear,jlockyearhg@ameblo.jp,Male,188.134.107.157,Rial,56.7973878,31.2682228
630,Antoni,McRobb,amcrobbhh@liveinternet.ru,Male,7.172.76.8,Franc,-15.4478131,12.2294835
631,Melicent,Besnard,mbesnardhi@infoseek.co.jp,Female,148.35.211.208,Yuan Renminbi,125.291414,43.83179
632,Judon,Carlin,jcarlinhj@digg.com,Male,4.9.204.168,Rupiah,106.7057733,-6.6572023
633,Rica,Rafe,rrafehk@wiley.com,Agender,175.232.17.159,Sol,-74.448357,-13.02483
634,Phylys,Baradel,pbaradelhl@dot.gov,Polygender,17.103.122.123,Euro,-4.0325499,47.9838092
635,Dotty,Arney,darneyhm@webeden.co.uk,Female,146.149.61.214,Peso,120.4098162,15.9658063
636,Dniren,Philcox,dphilcoxhn@godaddy.com,Female,27.88.247.192,Shilling,33.2026122,0.4478566
637,Claudina,Trevethan,ctrevethanho@usatoday.com,Non-binary,186.71.204.21,Yuan Renminbi,107.666176,39.246621
638,Teodoor,Trever,ttreverhp@youku.com,Male,220.2.103.254,Euro,24.802714,40.981773
639,Sherri,Vasilyonok,svasilyonokhq@google.nl,Female,31.110.13.178,Euro,23.6842658,38.0423558
640,Yvon,Dewsbury,ydewsburyhr@1688.com,Male,102.58.39.83,Baht,100.5151327,13.7171256
641,Jenine,Kynsey,jkynseyhs@blogtalkradio.com,Female,146.41.48.163,Ruble,53.873969,53.9240029
642,Jason,Rehme,jrehmeht@deliciousdays.com,Male,193.204.52.34,Lempira,-87.9040571,15.4321163
643,Kial,Ligertwood,kligertwoodhu@alibaba.com,Female,65.206.50.244,Krona,18.6851872,59.7458284
644,Rose,Bellee,rbelleehv@apple.com,Female,155.113.63.228,Franc,-1.1400998,11.1652432
645,Gena,Massingberd,gmassingberdhw@w3.org,Female,102.180.63.219,Yuan Renminbi,108.93977,34.341574
646,Alexi,Garmons,agarmonshx@joomla.org,Female,134.110.207.160,Krona,13.953453,55.5449766
647,Maxie,Fritchley,mfritchleyhy@so-net.ne.jp,Male,182.114.60.252,Ruble,87.8895009,52.7643345
648,Theresa,Lacy,tlacyhz@google.co.jp,Female,126.33.35.38,Lev,25.2182047,42.90835
649,Hyacinthia,Yockley,hyockleyi0@adobe.com,Female,242.148.89.162,Boliviano,-65.3421126,-17.9391842
650,Jessamyn,Dumberell,jdumberelli1@vimeo.com,Female,166.28.114.242,Franc,-1.768487,11.5478704
651,Birgitta,Smails,bsmailsi2@google.com.hk,Female,217.248.234.248,Euro,22.3806789,40.2445524
652,Genovera,McKinnon,gmckinnoni3@blogger.com,Female,219.17.12.192,Zloty,20.8074789,50.3010266
653,Nappie,Yorkston,nyorkstoni4@prnewswire.com,Male,17.58.199.25,Shilling,31.5370003,-0.7069135
654,Portia,Calderbank,pcalderbanki5@mozilla.com,Female,217.35.193.226,Somoni,69.0254926,39.8772715
655,Towney,Parmer,tparmeri6@hugedomains.com,Male,168.182.157.13,Dong,105.9729255,17.8047876
656,Dennison,Marsters,dmarstersi7@merriam-webster.com,Male,177.157.16.43,Yuan Renminbi,129.1189472,42.6688027
657,Hyacinthia,Harnes,hharnesi8@elpais.com,Female,133.16.41.207,Zloty,18.7647749,54.2315533
658,Hersch,Itzik,hitziki9@google.es,Male,11.117.78.144,Peso,121.0130439,14.5618599
659,Camala,Verdie,cverdieia@nsw.gov.au,Female,62.104.214.242,Euro,1.2613018,47.4947984
660,Marshall,Bever,mbeverib@army.mil,Male,177.92.254.242,Euro,-16.8119382,32.676895
661,Karylin,Pallatina,kpallatinaic@newyorker.com,Female,75.183.1.126,Lira,28.385948,38.408587
662,Cosetta,Foottit,cfoottitid@latimes.com,Polygender,0.50.161.148,Yuan Renminbi,120.005147,26.885704
663,Francois,Folca,ffolcaie@paypal.com,Male,180.41.142.172,Yuan Renminbi,112.203287,25.904305
664,Marcelle,Dresser,mdresserif@ustream.tv,Female,196.234.196.8,Zloty,17.38516,50.69625
665,Hoebart,Liggett,hliggettig@mysql.com,Male,19.71.104.85,Koruna,15.4598339,49.9287189
666,Benoite,Greally,bgreallyih@fema.gov,Female,61.212.9.192,Ariary,46.7164256,-16.4708895
667,Julian,Ballentime,jballentimeii@deviantart.com,Male,109.6.41.247,Peso,121.1000798,16.7643488
668,Drucy,Kitt,dkittij@arizona.edu,Female,71.22.27.252,Real,-42.3652391,-22.027222
669,Sanders,McNirlin,smcnirlinik@privacy.gov.au,Male,93.120.120.210,Hryvnia,28.8578584,49.9527773
670,Ferdinanda,Margery,fmargeryil@newsvine.com,Female,66.214.199.161,Euro,15.1657237,46.5980836
671,Helen-elizabeth,Van Waadenburg,hvanwaadenburgim@rambler.ru,Female,45.54.218.86,Dollar,-79.38293,45.8334
672,Katlin,Arni,karniin@hugedomains.com,Female,13.33.176.3,Ruble,31.7171894,53.7093085
673,Sarita,Masterson,smastersonio@livejournal.com,Female,113.176.146.223,Kwacha,28.2175744,-12.8231947
674,Arlena,Greste,agresteip@unc.edu,Female,240.64.193.114,Peso,120.4017314,17.5899708
675,Raf,Goodrum,rgoodrumiq@cam.ac.uk,Female,1.33.236.204,Yuan Renminbi,101.841707,26.695419
676,Yorke,Chalke,ychalkeir@weebly.com,Male,247.236.69.151,Pound,-0.193961,51.3614279
677,Ewart,Caudelier,ecaudelieris@cam.ac.uk,Male,64.131.76.50,Rial,45.0398942,12.8025919
678,Anatola,Gresly,agreslyit@flavors.me,Genderfluid,191.226.86.65,Yuan Renminbi,120.695047,31.347049
679,Philipa,Fanning,pfanningiu@netscape.com,Female,48.62.241.223,Yuan Renminbi,113.013638,29.806827
680,Alida,Miskelly,amiskellyiv@amazon.de,Female,55.100.119.21,Peso,120.671684,15.04538
681,Lind,Cockshutt,lcockshuttiw@about.me,Male,79.86.133.88,Peso,-75.75012,4.566637
682,Yvon,McNuff,ymcnuffix@yale.edu,Male,215.80.56.65,Yuan Renminbi,111.8568586,37.2425649
683,Chance,Cake,ccakeiy@github.io,Male,31.29.230.25,Ruble,45.6198851,43.1627276
684,Yetta,Orford,yorfordiz@edublogs.org,Female,33.55.22.162,Yuan Renminbi,116.328206,37.029718
685,Eugen,Joynes,ejoynesj0@comcast.net,Male,63.211.214.236,Peso,-82.7535929,22.9874431
686,Shayne,Vaadeland,svaadelandj1@berkeley.edu,Male,129.169.182.205,Peso,-99.1504583,19.4052965
687,Agneta,Giacomuzzo,agiacomuzzoj2@techcrunch.com,Female,50.100.46.209,Euro,-9.0560562,38.640106
688,Kenneth,Olner,kolnerj3@ibm.com,Male,5.193.205.240,Yuan Renminbi,105.220236,31.029897
689,Martha,Fairfoul,mfairfoulj4@psu.edu,Female,23.193.216.217,Euro,-9.1115941,51.7203863
690,Brendon,Kabsch,bkabschj5@oracle.com,Male,159.84.52.18,Yuan Renminbi,109.299475,34.954857
691,Kit,Stellin,kstellinj6@redcross.org,Female,248.124.197.156,Yuan Renminbi,119.5738403,31.9617032
692,Alvan,McCleverty,amcclevertyj7@elpais.com,Male,43.90.226.167,Rupiah,119.3456,-9.7327
693,Tracie,Triebner,ttriebnerj8@blogtalkradio.com,Male,183.207.138.54,Yuan Renminbi,118.356414,35.104673
694,Elvyn,Reaper,ereaperj9@bing.com,Male,244.27.218.61,Yuan Renminbi,113.732809,39.672791
695,Zaria,Birdsey,zbirdseyja@ask.com,Female,61.254.137.235,Euro,-8.4784931,40.1694467
696,Hercules,Oxenham,hoxenhamjb@nature.com,Male,145.204.205.175,Rial,55.0242519,25.867345
697,Neddie,Vinas,nvinasjc@unicef.org,Male,167.156.224.56,Naira,6.301229,13.2874832
698,Sullivan,Agglione,sagglionejd@yelp.com,Male,145.180.84.201,Ruble,40.3138699,46.8515406
699,Wade,Denyer,wdenyerje@wp.com,Male,171.156.135.187,Peso,-99.2058279,19.4805668
700,Jozef,Slayny,jslaynyjf@squarespace.com,Male,218.16.94.94,Rupiah,110.5215459,-1.5697615
701,Kay,Baggott,kbaggottjg@domainmarket.com,Female,54.110.58.115,Litas,24.3713362,55.7452926
702,Jake,Ghilardi,jghilardijh@yahoo.co.jp,Male,41.156.211.78,Ruble,47.1083094,57.8661799
703,Salmon,Goodboddy,sgoodboddyji@cnn.com,Male,167.158.58.211,Yuan Renminbi,94.257456,31.651917
704,Kira,Dearman,kdearmanjj@oaic.gov.au,Female,243.220.247.119,Denar,21.1202878,42.0733374
705,Umberto,Goodere,ugooderejk@umich.edu,Male,74.250.39.41,Rupiah,107.8995629,-7.1480086
706,Dermot,Crammy,dcrammyjl@g.co,Non-binary,151.4.17.75,Dollar,-84.3226488,39.7912709
707,Merrile,Cauldwell,mcauldwelljm@mtv.com,Female,254.123.248.117,Shekel,35.12682,31.87022
708,Eugenie,Braz,ebrazjn@blogtalkradio.com,Genderqueer,29.224.155.225,Yuan Renminbi,111.831552,37.045911
709,Veda,Kale,vkalejo@state.tx.us,Female,229.95.218.218,Yuan Renminbi,106.230327,32.21252
710,Kyle,Beuscher,kbeuscherjp@meetup.com,Male,125.19.115.53,Won,126.54756,40.99629
711,Jenni,Teall,jtealljq@lycos.com,Female,248.174.155.176,Ruble,116.3132019,50.5205623
712,Dell,Le Barre,dlebarrejr@elegantthemes.com,Female,198.42.123.184,Naira,7.7199454,11.0855409
713,Prentiss,Goldsack,pgoldsackjs@dedecms.com,Male,183.230.135.1,Rupiah,95.7932008,5.5126065
714,Solly,Pellew,spellewjt@over-blog.com,Male,150.34.72.208,Euro,4.840663,46.791046
715,Simonne,Swain,sswainju@unc.edu,Genderfluid,53.42.110.118,Peso,-69.2696692,18.6367692
716,Courtney,Caccavari,ccaccavarijv@ed.gov,Female,205.212.9.81,Yuan Renminbi,116.061522,22.879493
717,Riki,Gaffney,rgaffneyjw@phoca.cz,Female,12.230.170.160,Zloty,17.1196937,51.7597721
718,Christiano,Haresnaip,charesnaipjx@intel.com,Male,103.149.163.213,Rupiah,106.3875898,-6.4930095
719,Casey,Fitchew,cfitchewjy@howstuffworks.com,Male,186.247.74.109,Krone,10.7140212,59.9112915
720,Jerrilyn,Demcik,jdemcikjz@blog.com,Female,89.154.94.99,Sol,-76.3440537,-6.8506475
721,Malinda,Eagles,meaglesk0@edublogs.org,Female,73.216.178.225,Euro,-0.804935,49.189451
722,Rusty,Lyard,rlyardk1@youtube.com,Male,45.123.3.163,Peso,126.3157043,6.8030255
723,Jacquelynn,Leteurtre,jleteurtrek2@i2i.jp,Female,115.126.240.169,Hryvnia,30.5208981,46.1446171
724,Bron,Moran,bmorank3@aboutads.info,Male,175.191.68.230,Ruble,47.9018672,42.3866449
725,Stefa,Baldree,sbaldreek4@senate.gov,Female,152.127.158.121,Peso,121.60617,14.63571
726,Chloe,McAusland,cmcauslandk5@fotki.com,Female,235.234.29.90,Yuan Renminbi,104.990101,29.528923
727,Goraud,Verrillo,gverrillok6@apache.org,Male,89.206.243.113,Hryvnia,24.377,50.23154
728,Julianna,Fowlie,jfowliek7@merriam-webster.com,Female,175.115.86.43,Baht,101.7751709,14.2030447
729,Kayla,Winsbury,kwinsburyk8@google.fr,Female,66.199.212.100,Dollar,-125.7533,54.2331
730,Jonas,Lockhead,jlockheadk9@tiny.cc,Male,56.33.138.126,Ruble,42.27111,54.76778
731,Risa,McWhirter,rmcwhirterka@booking.com,Female,124.228.183.181,Euro,6.0221735,46.5217941
732,Lilias,Sedwick,lsedwickkb@chronoengine.com,Agender,202.157.213.171,Yuan Renminbi,117.731346,27.372513
733,Damien,Toppes,dtoppeskc@va.gov,Male,62.66.246.84,Euro,-28.51476,38.508271
734,Bonnee,Middleditch,bmiddleditchkd@biblegateway.com,Female,242.40.250.233,Real,-40.4657826,-18.4943258
735,Gerome,Walklott,gwalklottke@simplemachines.org,Genderfluid,113.242.196.83,Euro,2.3572729,48.7471816
736,Gray,Castleman,gcastlemankf@ehow.com,Female,246.36.205.210,Yuan Renminbi,103.620536,30.920219
737,Reece,Froud,rfroudkg@plala.or.jp,Male,3.181.86.181,Yuan Renminbi,117.509921,37.489877
738,Joyce,Mathwin,jmathwinkh@typepad.com,Female,210.114.198.67,Yuan Renminbi,116.809657,39.944315
739,Laurel,Knok,lknokki@barnesandnoble.com,Female,32.74.29.73,Dollar,-73.9565551,40.6945036
740,Waylin,Valek,wvalekkj@diigo.com,Polygender,177.203.5.119,Peso,-99.1802147,18.9201578
741,Ambros,Caustick,acaustickkk@facebook.com,Male,52.64.20.138,Colon,-84.9531618,10.2704687
742,Buiron,Hulburd,bhulburdkl@boston.com,Male,250.227.43.183,Yuan Renminbi,120.434071,37.355469
743,Jared,Poxton,jpoxtonkm@ucoz.ru,Male,235.153.186.40,Yuan Renminbi,113.518911,23.082498
744,Bonnibelle,Sarvar,bsarvarkn@shop-pro.jp,Female,21.95.113.234,Rupiah,114.1142079,-8.4456045
745,Roi,Weiser,rweiserko@ted.com,Non-binary,249.68.46.22,Rupiah,112.6285385,-8.0604636
746,Hillery,Ipsgrave,hipsgravekp@telegraph.co.uk,Non-binary,218.196.190.192,Ruble,72.6937323,55.1536343
747,Selinda,Jacks,sjackskq@fastcompany.com,Female,88.6.43.226,Koruna,15.1765093,50.7193517
748,Hodge,Ovett,hovettkr@latimes.com,Male,152.72.57.237,Dinar,20.1402594,30.214647
749,Schuyler,Farnworth,sfarnworthks@ustream.tv,Male,227.163.121.52,Zloty,19.7526658,51.2109898
750,Fanechka,Pitcaithley,fpitcaithleykt@phoca.cz,Female,7.206.33.83,Hryvnia,25.431687,48.8109783
751,Nero,Salmons,nsalmonsku@paginegialle.it,Male,126.182.104.43,Peso,125.0897383,6.2368262
752,Julianna,Broodes,jbroodeskv@1und1.de,Female,48.37.176.73,Franc,8.3140814,47.0419512
753,Brietta,Reilinger,breilingerkw@buzzfeed.com,Female,185.200.41.227,Yuan Renminbi,110.228747,32.224808
754,Theodoric,Arbon,tarbonkx@cbc.ca,Male,106.66.15.111,Shekel,35.11362,31.49737
755,Melony,Blanshard,mblanshardky@latimes.com,Female,147.105.181.243,Yuan Renminbi,115.958784,39.309746
756,Marlo,Appleby,mapplebykz@home.pl,Male,143.68.122.228,Baht,100.5053999,13.8263157
757,Robert,Cobbe,rcobbel0@twitpic.com,Male,51.147.67.155,Dirham,-5.9239749,34.2622961
758,Lisha,Sherbrook,lsherbrookl1@theatlantic.com,Female,192.168.228.229,Boliviano,-60.9656452,-16.3800324
759,Esteban,Whitcomb,ewhitcombl2@java.com,Male,250.247.1.30,Peso,-99.1532952,19.4344475
760,Shelley,Binder,sbinderl3@icio.us,Male,6.181.98.210,Euro,-25.372789,37.7181047
761,Etty,Nannini,enanninil4@themeforest.net,Female,97.169.145.23,Rand,26.9528629,-27.1886944
762,Carina,Litel,clitell5@pinterest.com,Female,251.66.215.144,Lek,20.5554375,42.0512556
763,Bertrando,Stodhart,bstodhartl6@shutterfly.com,Male,156.50.80.158,Peso,-73.6344979,11.2561208
764,Baxy,Harty,bhartyl7@oaic.gov.au,Male,18.41.47.160,Yuan Renminbi,102.71159,24.67964
765,Hobart,Titt,htittl8@sakura.ne.jp,Male,247.29.151.175,Yuan Renminbi,-105.943638,35.683952
766,Lynnett,Bougourd,lbougourdl9@blog.com,Female,170.15.122.17,Hryvnia,36.230383,49.9935
767,Danella,Fearneley,dfearneleyla@xinhuanet.com,Polygender,5.26.191.143,Lek,19.4422717,42.3593277
768,Jacky,Loveless,jlovelesslb@wordpress.com,Genderfluid,11.200.191.18,Peso,120.7479539,15.8112182
769,Osbourn,Tapper,otapperlc@mlb.com,Genderqueer,4.104.96.128,Peso,121.451539,16.663904
770,Thornie,Dabbes,tdabbesld@eventbrite.com,Male,31.91.2.192,Yuan Renminbi,110.9938854,37.9400581
771,Dulsea,Tottman,dtottmanle@apple.com,Female,38.72.76.151,Yuan Renminbi,118.9353968,29.5530941
772,Becky,Pattie,bpattielf@yellowpages.com,Female,123.11.215.182,Franc,15.2180188,7.1934002
773,Haskell,Leeson,hleesonlg@live.com,Bigender,133.255.253.18,Yuan Renminbi,114.723904,38.320362
774,Annecorinne,Clubbe,aclubbelh@diigo.com,Female,168.113.97.58,Euro,6.7825598,51.2149435
775,Honey,Wallworke,hwallworkeli@vistaprint.com,Female,177.48.216.92,Yen,137.5002748,36.9392627
776,Thea,Kingzeth,tkingzethlj@unblog.fr,Genderfluid,56.78.229.125,Peso,-120.8204617,37.0594675
777,Eartha,Kislingbury,ekislingburylk@arizona.edu,Female,116.153.97.151,Krone,18.9221,69.63186
778,Rafaello,Mayler,rmaylerll@slideshare.net,Male,159.135.106.132,Ruble,89.0001154,56.0711371
779,Sully,Becom,sbecomlm@godaddy.com,Male,89.136.175.206,Dalasi,-16.6703963,13.4794397
780,Woody,Richardin,wrichardinln@usatoday.com,Bigender,85.99.193.216,Franc,8.98527,13.8018124
781,Chadd,Stollberger,cstollbergerlo@statcounter.com,Male,126.133.0.23,Euro,22.73333,39.46667
782,Sibella,Swinney,sswinneylp@unblog.fr,Female,210.121.161.25,Yuan Renminbi,118.858949,31.050715
783,Amelita,MacGhee,amacgheelq@goo.ne.jp,Female,162.154.159.131,Pound,-1.7622544,53.3992318
784,Broddie,Curtis,bcurtislr@tuttocitta.it,Male,122.11.150.130,Peso,-106.4140053,23.2321219
785,Dacey,Mulhall,dmulhallls@cloudflare.com,Female,197.84.172.1,Euro,23.9066108,41.1455736
786,Florence,Guilliatt,fguilliattlt@prweb.com,Female,39.130.211.206,Ruble,73.328393,54.982808
787,Lemmie,Laye,llayelu@fastcompany.com,Male,28.207.131.124,Ruble,43.2923971,52.0379571
788,Simon,Pashley,spashleylv@harvard.edu,Male,89.166.54.51,Yuan Renminbi,98.296657,24.804232
789,Ferdinande,Heeran,fheeranlw@fotki.com,Female,85.154.167.28,Krona,15.7861546,58.6842321
790,Julee,Beeton,jbeetonlx@seesaa.net,Female,254.184.214.224,Dong,105.1668326,9.9044207
791,Mia,Rootes,mrootesly@deliciousdays.com,Female,89.104.0.196,Ruble,131.978812,43.800779
792,Vladimir,Daltrey,vdaltreylz@de.vu,Male,189.114.236.198,Pound,-1.407848,51.59119
793,Brand,Kier,bkierm0@squidoo.com,Male,217.92.11.11,Peso,121.0774147,14.7569624
794,Darill,Welsh,dwelshm1@soundcloud.com,Male,162.129.22.80,Real,-47.6931718,-23.351784
795,Kora,Bushel,kbushelm2@acquirethisname.com,Female,48.111.159.38,Dalasi,-15.2765351,13.4198217
796,Owen,Nardrup,onardrupm3@guardian.co.uk,Male,213.162.63.120,Euro,-8.9561211,38.6385863
797,Turner,Bramstom,tbramstomm4@behance.net,Male,80.124.52.27,Yen,143.3024788,42.3968365
798,Melina,Polley,mpolleym5@ftc.gov,Female,38.130.96.32,Yuan Renminbi,124.3602631,40.105193
799,Alfredo,Titmarsh,atitmarshm6@ifeng.com,Male,41.255.147.215,Real,-35.2947008,-7.9995755
800,Ryon,Emes,remesm7@hubpages.com,Male,137.179.82.50,Yuan Renminbi,114.938684,24.44218
801,Almeria,Scarse,ascarsem8@live.com,Female,99.125.74.114,Dollar,-126.67008,54.39976
802,Karlik,Loukes,kloukesm9@linkedin.com,Polygender,188.5.207.21,Zloty,18.0987896,50.4350286
803,Desdemona,Yuryatin,dyuryatinma@privacy.gov.au,Female,138.62.243.58,Ruble,142.049308,49.0720139
804,Ondrea,Ingliby,oinglibymb@zimbio.com,Female,157.150.225.151,Rupiah,109.7651203,-7.5421424
805,Cristionna,Heggie,cheggiemc@live.com,Female,17.198.142.64,Rufiyaa,73.3657118,5.4443719
806,Filberto,Ashard,fashardmd@jiathis.com,Male,185.185.31.3,Shilling,31.5370003,-0.7069135
807,Jermaine,Kersaw,jkersawme@tiny.cc,Male,231.17.152.133,Euro,-8.9775014,52.8314927
808,Kris,Treswell,ktreswellmf@discuz.net,Male,52.78.121.191,Koruna,16.2590848,50.025483
809,Shannon,Snook,ssnookmg@furl.net,Female,64.44.214.105,Ruble,150.8632131,59.9000274
810,Lamont,Truluck,ltruluckmh@homestead.com,Male,173.104.253.134,Real,-51.70451,-23.4500163
811,Sandor,MacQueen,smacqueenmi@uiuc.edu,Male,65.244.49.68,Yuan Renminbi,121.8108521,29.9188786
812,Zuzana,Denham,zdenhammj@furl.net,Non-binary,31.170.238.97,Euro,20.6527992,42.3998287
813,Elia,Pundy,epundymk@eventbrite.com,Male,47.156.175.21,Peso,124.574799,11.57256
814,Jermaine,Farre,jfarreml@ehow.com,Female,184.217.96.150,Euro,22.8003951,37.7937857
815,Timmy,Mackness,tmacknessmm@indiegogo.com,Male,253.63.186.224,Rupiah,115.2580854,-8.6283422
816,Cello,Revie,creviemn@bandcamp.com,Male,142.113.82.170,Rupee,68.418057,25.4105868
817,Cole,Shimman,cshimmanmo@umn.edu,Male,31.204.208.214,Yuan Renminbi,120.1148934,30.1942963
818,Ellissa,Elstow,eelstowmp@house.gov,Female,148.106.228.123,Euro,32.4070834,34.8281946
819,Ashly,Steinham,asteinhammq@google.co.jp,Female,188.95.105.34,Yuan Renminbi,116.365867,39.912288
820,Winnie,McTeggart,wmcteggartmr@purevolume.com,Male,122.111.96.52,Sol,-78.1721189,-8.1468836
821,Rayner,Fairham,rfairhamms@gizmodo.com,Male,49.136.96.191,Euro,2.394771,48.819324
822,Lanna,Raith,lraithmt@shop-pro.jp,Female,231.254.62.69,Zloty,18.7546431,50.1934213
823,Jesse,Noice,jnoicemu@themeforest.net,Male,14.161.111.248,Rupiah,112.4351068,-6.9158643
824,Brier,Gronauer,bgronauermv@mysql.com,Female,39.19.105.66,Rupiah,115.1159883,-8.601207
825,Patricia,Tunsley,ptunsleymw@posterous.com,Female,25.62.121.95,Franc,10.47066,2.01643
826,Pietra,Nowill,pnowillmx@techcrunch.com,Non-binary,20.160.210.137,Dollar,-72.5815752,42.1072582
827,Georges,Ogley,gogleymy@jugem.jp,Male,32.128.184.97,Lek,20.006257,41.9437159
828,Robby,Paddingdon,rpaddingdonmz@cafepress.com,Female,161.149.8.188,Euro,7.7342943,48.5851876
829,Modesta,Mangeot,mmangeotn0@artisteer.com,Female,190.11.39.112,Euro,5.8978018,43.4945737
830,Cyrill,Heatlie,cheatlien1@twitter.com,Male,250.11.217.123,Ruble,52.0111855,55.3605576
831,Guntar,Britt,gbrittn2@plala.or.jp,Genderfluid,101.112.184.197,Dollar,-78.5376906,-1.3247967
832,Mavis,Danko,mdankon3@phoca.cz,Female,181.3.9.38,Yuan Renminbi,112.68142,39.20892
833,Sherm,Giacoppo,sgiacoppon4@pinterest.com,Male,118.2.32.136,Hryvnia,30.9358078,50.7249071
834,Joe,LAbbet,jlabbetn5@naver.com,Male,140.249.124.41,Zloty,22.0650878,51.192893
835,Lucienne,Alyonov,lalyonovn6@stumbleupon.com,Genderfluid,98.210.110.47,Euro,13.5581889,52.4981613
836,Oralee,Wetwood,owetwoodn7@mtv.com,Female,248.127.148.103,Colon,-98.7067059,19.8022278
837,Hillard,Imlach,himlachn8@discovery.com,Male,223.45.126.135,Sol,-73.4761429,-13.77575
838,Bride,Daniels,bdanielsn9@ucoz.com,Female,156.180.254.104,Kwacha,24.8,-13.683333
839,Chloe,Clare,cclarena@com.com,Female,180.150.251.234,Rupiah,113.6770012,-8.1611036
840,Kaleb,Sidle,ksidlenb@phpbb.com,Male,234.100.136.40,Yuan Renminbi,113.2689358,23.1261788
841,Alexandro,Thurlbourne,athurlbournenc@networksolutions.com,Polygender,130.213.110.84,Yuan Renminbi,114.835777,26.82808
842,Johnny,Fishe,jfishend@furl.net,Male,172.53.129.66,Real,-45.2464996,-5.5018917
843,Padraig,Bassett,pbassettne@princeton.edu,Male,108.37.199.51,Ruble,61.3466506,55.3500609
844,Devlen,Anfusso,danfussonf@creativecommons.org,Male,155.98.136.254,Boliviano,-65.3688335,-10.8237579
845,Benedikta,Kunrad,bkunradng@furl.net,Female,230.173.47.7,Franc,15.8789403,4.9404212
846,Benjie,Tie,btienh@bigcartel.com,Genderfluid,127.136.30.220,Yuan Renminbi,114.1176652,22.5676118
847,Markus,Glendenning,mglendenningni@chron.com,Genderfluid,212.231.207.149,Real,-38.5743503,-8.5969261
848,Randy,Prebble,rprebblenj@ustream.tv,Male,107.71.43.159,Dinar,12.5642261,32.7473047
849,Jody,Kilalea,jkilaleank@acquirethisname.com,Male,88.41.26.121,Dollar,-157.86,21.31
850,Elyn,Stuehmeyer,estuehmeyernl@nsw.gov.au,Female,40.189.204.97,Yuan Renminbi,119.974061,31.811226
851,Minnaminnie,Stiell,mstiellnm@aol.com,Female,202.218.58.232,Rupiah,107.728092,-7.6378396
852,Rayner,Wheelton,rwheeltonnn@moonfruit.com,Male,147.80.209.245,Real,-38.5761383,-10.7824056
853,Emlynn,Bellelli,ebellellino@archive.org,Female,13.157.175.56,Euro,4.9137748,47.1291041
854,Dmitri,Hatchard,dhatchardnp@cdc.gov,Male,238.4.90.129,Franc,17.5505152,8.9172672
855,Martie,Duncanson,mduncansonnq@gizmodo.com,Male,187.29.208.237,Rial,45.4674656,13.9625642
856,Rosanna,Kenworthy,rkenworthynr@addtoany.com,Female,130.87.249.61,Yuan Renminbi,124.8828701,48.466592
857,Jervis,Pyzer,jpyzerns@elpais.com,Male,26.133.250.201,Tugrik,103.5218199,48.8231572
858,Reinold,Cothey,rcotheynt@yandex.ru,Male,67.38.120.70,Euro,-0.4601725,46.280212
859,Gael,Di Maggio,gdimaggionu@scribd.com,Male,151.41.20.173,Dollar,-88.5045477,13.3846598
860,Betsy,Miliffe,bmiliffenv@hc360.com,Female,194.233.5.9,Dollar,-74.446092,40.496654
861,Melosa,MacLucais,mmaclucaisnw@lulu.com,Female,191.91.194.98,Sol,-79.5139718,-7.1916713
862,Kinsley,Sotheron,ksotheronnx@cam.ac.uk,Male,35.228.194.61,Yuan Renminbi,114.4052806,30.4608895
863,Conny,Ambrois,cambroisny@yahoo.com,Female,197.61.105.248,Peso,-80.9041817,22.7238445
864,Klaus,Androlli,kandrollinz@illinois.edu,Male,171.104.43.242,Euro,26.4532856,62.3658212
865,Eward,Barrows,ebarrowso0@livejournal.com,Male,201.134.227.228,Peso,-77.072933,1.683061
866,Richie,Fehners,rfehnerso1@tripod.com,Male,227.83.192.232,Naira,4.7821043,8.9407376
867,Cornelia,Snowling,csnowlingo2@sogou.com,Genderfluid,38.99.19.5,Rupiah,123.583231,-10.182653
868,Guglielma,Gladwin,ggladwino3@addthis.com,Female,159.118.172.177,Euro,21.8330106,38.2800079
869,Micky,Bostick,mbosticko4@eepurl.com,Male,177.144.61.178,Shekel,34.835226,32.084932
870,Collete,Bernhard,cbernhardo5@sohu.com,Non-binary,68.233.105.36,Yuan Renminbi,113.926763,35.303704
871,Zandra,Oiseau,zoiseauo6@weibo.com,Female,158.94.196.48,Yuan Renminbi,120.769905,40.828411
872,Carry,Ciotti,cciottio7@trellian.com,Female,250.183.202.153,Naira,13.0544185,9.9004655
873,Hatty,Whilde,hwhildeo8@newyorker.com,Female,191.16.6.46,Yuan Renminbi,113.576677,22.270978
874,Corbin,Greenley,cgreenleyo9@51.la,Male,232.170.138.183,Dinar,19.3765006,44.7791213
875,Mikey,Corro,mcorrooa@mayoclinic.com,Male,224.161.36.123,Yuan Renminbi,121.4737021,31.2303904
876,Pooh,Bowdery,pbowderyob@miibeian.gov.cn,Female,46.155.145.249,Dinar,21.4991334,29.040621
877,Marthena,Mowen,mmowenoc@phpbb.com,Female,169.118.225.150,Gourde,-72.7141496,19.9276075
878,Gilberto,Angear,gangearod@slideshare.net,Bigender,69.62.66.232,Peso,-62.7087197,-27.0307058
879,Brittany,Adamini,badaminioe@google.com,Bigender,204.66.2.97,Won,127.45472,40.01833
880,Liesa,MacAree,lmacareeof@bloomberg.com,Female,200.27.238.143,Ruble,57.6870269,58.745918
881,Paulie,Leyland,pleylandog@fema.gov,Male,143.131.60.169,Lev,23.7098368,43.1434185
882,Dulci,Casellas,dcasellasoh@miibeian.gov.cn,Female,197.28.45.188,Krona,11.4865869,58.3786073
883,Rabbi,Frie,rfrieoi@jugem.jp,Male,192.161.96.142,Yuan Renminbi,125.2907021,43.918776
884,Iona,Heaker,iheakeroj@dropbox.com,Female,106.234.141.15,Bolivar,-62.3037176,10.584981
885,Abigale,O' Mahony,aomahonyok@nyu.edu,Female,38.26.16.140,Real,-49.0717331,-26.9165792
886,Alford,Beneze,abenezeol@nasa.gov,Male,140.248.221.100,Euro,-7.7912472,40.0233496
887,Lars,Grimston,lgrimstonom@youku.com,Male,217.216.85.52,Real,-39.1478933,-13.734009
888,Juan,Macvain,jmacvainon@squidoo.com,Male,220.196.31.86,Marka,19.0902035,44.4528239
889,Lancelot,Lowell,llowelloo@pagesperso-orange.fr,Male,188.79.2.193,Dong,105.2545888,23.0029267
890,Mikey,Shelly,mshellyop@sogou.com,Male,148.177.117.180,Yuan Renminbi,113.3823545,34.2904302
891,Jorey,Mateos,jmateosoq@xinhuanet.com,Female,255.9.77.1,Yuan Renminbi,114.088418,22.551367
892,Tamarah,Sherrett,tsherrettor@free.fr,Female,110.12.206.192,Peso,121.0413488,14.7172639
893,Willem,Garrick,wgarrickos@xrea.com,Male,17.12.63.125,Real,-47.9222179,-15.7994139
894,Leigha,Kobpac,lkobpacot@netscape.com,Female,253.192.92.156,Pula,26.8321332,-23.107801
895,Niko,Bourgaize,nbourgaizeou@bing.com,Male,194.179.220.167,Rupee,81.6779369,7.2863231
896,Moss,Carnie,mcarnieov@narod.ru,Male,245.138.15.2,Cordoba,-85.6614682,12.469284
897,Erick,Kamienski,ekamienskiow@feedburner.com,Male,105.183.39.145,Peso,120.3353957,16.7690892
898,Germaine,Maffioletti,gmaffiolettiox@g.co,Female,240.74.185.225,Yuan Renminbi,122.539307,52.969667
899,Silvester,Raffels,sraffelsoy@odnoklassniki.ru,Male,28.25.222.121,Rial,47.1156092,36.4051945
900,Deerdre,Fallanche,dfallancheoz@dagondesign.com,Female,18.197.68.98,Real,-53.3963199,-27.3607338
901,Alida,Blooman,abloomanp0@accuweather.com,Female,45.200.211.90,Rupee,68.5543777,25.1418538
902,Celine,Huish,chuishp1@cpanel.net,Female,31.240.210.153,Zloty,18.727124,52.6282252
903,Viki,Bramwell,vbramwellp2@sitemeter.com,Female,183.197.126.198,Rupiah,106.9755726,-6.2382699
904,Karel,Cutmere,kcutmerep3@geocities.jp,Male,94.0.156.227,Rupiah,119.866554,-8.412098
905,Tiffi,Cowdry,tcowdryp4@nhs.uk,Female,112.251.38.165,Denar,21.53056,41.91583
906,Raphael,Jillett,rjillettp5@multiply.com,Male,35.138.29.87,Hryvnia,29.8488529,49.0711781
907,Danette,Tustin,dtustinp6@1und1.de,Female,35.27.233.209,Rupiah,106.8280147,-6.2810348
908,Waylan,Pates,wpatesp7@de.vu,Male,26.21.191.114,Rupiah,115.5672264,-8.5083726
909,Mikaela,Faull,mfaullp8@intel.com,Female,183.190.130.165,Pound,36.21564,33.54832
910,Maud,O' Loughran,moloughranp9@globo.com,Female,151.158.107.112,Yuan Renminbi,103.271467,24.749307
911,Hewett,Riediger,hriedigerpa@tmall.com,Male,4.233.8.113,Real,-51.5054475,-27.1743773
912,Xerxes,Crownshaw,xcrownshawpb@behance.net,Male,30.214.227.232,Euro,33.5895956,34.8323566
913,Ynes,Langford,ylangfordpc@xinhuanet.com,Female,141.18.186.196,Ringgit,101.6935065,3.1121428
914,Doti,Blaxlande,dblaxlandepd@hibu.com,Female,35.135.232.240,Rupiah,124.3865392,-9.9423239
915,Lyle,Taborre,ltaborrepe@rambler.ru,Male,109.166.80.174,Sol,-73.9962255,-13.589688
916,Frederica,McIlwrath,fmcilwrathpf@cloudflare.com,Female,197.231.103.138,Euro,10.383479,43.5377939
917,Marline,Donald,mdonaldpg@bloglovin.com,Female,171.95.37.229,Birr,37.0990498,9.5646371
918,Karisa,Feaviour,kfeaviourph@wikispaces.com,Female,191.12.122.104,Yuan Renminbi,116.952766,31.466526
919,Taffy,Gierok,tgierokpi@usatoday.com,Female,3.127.80.88,Yuan Renminbi,122.711528,40.024639
920,Randi,Whysall,rwhysallpj@barnesandnoble.com,Female,23.169.255.62,Dirham,-8.2404397,31.2185473
921,Randall,Eason,reasonpk@cdc.gov,Male,79.117.241.69,Yuan Renminbi,117.081971,38.78918
922,Michele,Tomek,mtomekpl@merriam-webster.com,Male,51.86.194.181,Yuan Renminbi,111.633245,28.947331
923,Margy,Kupka,mkupkapm@vinaora.com,Agender,198.125.188.88,Dollar,176.7958307,-39.644114
924,Tedie,Beceril,tbecerilpn@cmu.edu,Male,10.244.99.90,Peso,-78.6313624,21.6936233
925,Claudelle,Kearn,ckearnpo@bbb.org,Female,91.61.74.118,Euro,-8.1638851,41.2371977
926,Tobiah,D'Aulby,tdaulbypp@bizjournals.com,Male,183.241.195.192,Koruna,15.9258038,50.2614977
927,Gertrudis,Beharrell,gbeharrellpq@samsung.com,Female,146.72.110.39,Ringgit,101.5326734,3.0100681
928,Margarita,Officer,mofficerpr@fda.gov,Polygender,41.172.83.228,Rand,27.6566853,-26.3652019
929,Fraser,Leber,fleberps@tumblr.com,Male,106.120.45.250,Dollar,-105.46788,51.66677
930,Carmelia,Henrie,chenriept@ucoz.com,Female,33.121.129.37,Yen,136.2423721,35.2571984
931,Quintin,O'Gorman,qogormanpu@gmpg.org,Male,118.227.219.240,Euro,20.8874294,39.6222264
932,Frederico,Sieb,fsiebpv@baidu.com,Polygender,148.22.251.111,Rial,43.2545686,26.4434686
933,Reyna,Sleicht,rsleichtpw@odnoklassniki.ru,Female,193.121.94.66,Baht,102.8773712,11.7907511
934,Jamison,Aymes,jaymespx@jiathis.com,Male,225.191.198.111,Denar,21.4188894,40.9933396
935,Kennedy,Evensden,kevensdenpy@pcworld.com,Male,224.243.58.212,Yen,127.6825578,26.1853781
936,Kissie,Jays,kjayspz@over-blog.com,Female,0.207.74.243,Real,-39.2791011,-6.8272076
937,Lora,Rodliff,lrodliffq0@hp.com,Female,57.199.36.111,Yen,139.8816085,36.6493964
938,Lusa,Comazzo,lcomazzoq1@drupal.org,Female,124.227.198.106,Krona,15.3710047,60.4783655
939,Dorey,Sivyer,dsivyerq2@techcrunch.com,Male,11.243.89.225,Real,-39.0161259,-4.9684385
940,Hetti,Eshmade,heshmadeq3@reddit.com,Polygender,204.28.86.236,Hryvnia,29.8126551,50.4573262
941,Giacomo,Wash,gwashq4@about.com,Male,242.16.139.185,Ariary,47.2459749,-20.5362627
942,Ailyn,Ricardet,aricardetq5@washingtonpost.com,Female,202.210.107.64,Krone,12.5616448,55.6833424
943,Whit,Avarne,wavarneq6@flickr.com,Male,190.75.193.155,Yuan Renminbi,120.601428,36.285792
944,Sanders,Chinnery,schinneryq7@blog.com,Male,63.134.167.219,Dram,44.5273861,39.9754634
945,Bevvy,Magauran,bmagauranq8@youku.com,Female,239.236.119.174,Rupiah,109.1553021,-7.5882979
946,Bernardina,Brennon,bbrennonq9@friendfeed.com,Female,127.150.171.174,Hryvnia,36.164764,47.6479788
947,Lockwood,Pheazey,lpheazeyqa@unicef.org,Male,19.179.94.157,Ruble,37.5643911,55.847796
948,Ulysses,Hucke,uhuckeqb@hibu.com,Male,225.210.70.146,Euro,23.5860574,39.9276561
949,Gerry,Barrick,gbarrickqc@mlb.com,Male,7.6.59.90,Peso,-72.467236,7.453578
950,Eliot,Rushbury,erushburyqd@sina.com.cn,Male,167.19.50.174,Ruble,34.1664186,67.6345569
951,Ennis,Dimitrijevic,edimitrijevicqe@g.co,Male,211.115.83.26,Yuan Renminbi,90.34176,37.30636
952,Mareah,Franzolini,mfranzoliniqf@printfriendly.com,Female,58.32.205.193,Yuan Renminbi,119.523266,25.962888
953,Nelia,Gloucester,ngloucesterqg@nsw.gov.au,Female,190.23.45.186,Yuan Renminbi,130.7788921,45.730664
954,Palmer,Frary,pfraryqh@printfriendly.com,Male,254.143.149.5,Yuan Renminbi,116.681972,23.354091
955,Jojo,Myring,jmyringqi@businessinsider.com,Female,139.174.45.12,Euro,-8.378101,41.2267295
956,Ciel,Winham,cwinhamqj@delicious.com,Female,7.161.41.107,Peso,123.1426191,9.8566537
957,Benny,Flegg,bfleggqk@seesaa.net,Female,107.221.22.203,Koruna,14.3459973,49.1409438
958,Fawn,Brandle,fbrandleql@w3.org,Non-binary,89.110.5.92,Litas,23.9749999,55.2884444
959,Trip,Thwaites,tthwaitesqm@jalbum.net,Male,158.62.178.53,Yuan Renminbi,125.4352358,42.3683369
960,Lynnell,Keynd,lkeyndqn@telegraph.co.uk,Female,141.69.211.192,Peso,-81.1278814,22.5267186
961,Artemis,Coxall,acoxallqo@kickstarter.com,Male,135.155.213.226,Rupiah,112.7211714,-8.3083083
962,Berti,Daintier,bdaintierqp@list-manage.com,Female,0.227.142.154,Rupiah,109.228143,-7.3081882
963,Hurlee,Dederich,hdederichqq@wordpress.org,Male,43.41.89.9,Yuan Renminbi,117.6852235,39.0063718
964,Ulric,Papen,upapenqr@wordpress.com,Male,221.154.33.175,Dinar,19.2058436,29.2187967
965,Hali,Worsham,hworshamqs@latimes.com,Female,49.94.160.64,Yuan Renminbi,130.553343,46.239185
966,Seana,Crocetti,scrocettiqt@elpais.com,Female,140.150.203.115,Yuan Renminbi,113.824887,23.259479
967,Barbette,Acres,bacresqu@tinypic.com,Female,230.150.0.67,Yuan Renminbi,116.513899,31.535184
968,Curcio,Buntin,cbuntinqv@archive.org,Male,27.88.125.29,Euro,23.9783441,38.0435902
969,Winnie,Mival,wmivalqw@auda.org.au,Female,207.53.28.8,Peso,-57.5552203,-37.9361202
970,Baldwin,Wisby,bwisbyqx@uiuc.edu,Male,202.46.229.131,Rupiah,107.3168864,-6.2851545
971,Chico,Baynam,cbaynamqy@squarespace.com,Male,62.154.177.157,Yen,139.007103,37.2516991
972,Emlen,Bish,ebishqz@prlog.org,Male,102.23.242.4,Euro,2.3081396,49.8905368
973,Jaymie,De Rechter,jderechterr0@reuters.com,Male,32.250.184.67,Afghani,63.66681,32.61591
974,Shir,Imlacke,simlacker1@about.com,Female,185.21.59.148,Real,-47.4710798,-21.8421051
975,Olivier,Pezey,opezeyr2@ebay.co.uk,Male,134.68.5.221,Krona,16.5613311,59.6322811
976,Carlee,Bernardez,cbernardezr3@freewebs.com,Female,7.217.57.103,Rupiah,108.5492848,-7.3878712
977,Pru,Mowatt,pmowattr4@skyrock.com,Female,129.76.35.78,Dollar,-81.63,38.35
978,Menard,Botwright,mbotwrightr5@bizjournals.com,Male,147.246.56.252,Euro,20.3027502,42.5572675
979,Reade,Mushart,rmushartr6@gizmodo.com,Bigender,63.72.218.224,Cordoba,-86.4364441,11.8469126
980,Roderick,Critoph,rcritophr7@skyrock.com,Male,184.236.241.192,Peso,120.8355408,14.9614897
981,Ida,Thireau,ithireaur8@usnews.com,Female,117.142.132.38,Yuan Renminbi,116.2637946,39.882122
982,Tannie,Fearfull,tfearfullr9@abc.net.au,Male,12.16.82.233,Yuan Renminbi,118.565462,31.753884
983,Oren,Rainey,oraineyra@pcworld.com,Male,129.225.94.72,Hryvnia,30.7319718,46.4799835
984,Claiborn,Work,cworkrb@arstechnica.com,Male,187.128.133.111,Dollar,-84.0854432,39.7434917
985,Mattheus,Gilders,mgildersrc@infoseek.co.jp,Male,44.98.71.72,Dollar,-81.6363869,41.0875099
986,Sindee,Duckering,sduckeringrd@blinklist.com,Genderfluid,211.106.65.217,Yuan Renminbi,110.250123,21.377246
987,Toddie,Bysh,tbyshre@webnode.com,Male,113.117.143.41,Yuan Renminbi,105.190522,30.975286
988,Griselda,Varga,gvargarf@behance.net,Female,164.4.42.80,Yuan Renminbi,120.005147,26.885704
989,Artair,Horsted,ahorstedrg@bing.com,Male,40.55.164.195,Yuan Renminbi,112.453926,34.620202
990,Susana,Immer,simmerrh@bigcartel.com,Female,109.32.145.241,Peso,-57.3298733,-30.7190522
991,Alys,Loftin,aloftinri@reverbnation.com,Female,84.21.130.196,Peso,-96.3598367,18.4458276
992,Spense,Kenningham,skenninghamrj@over-blog.com,Male,5.106.240.111,Rupiah,111.5437,-8.2962
993,Sile,Van Arsdalen,svanarsdalenrk@umich.edu,Female,144.244.139.217,Zloty,14.8784944,53.36117
994,Oriana,Frankish,ofrankishrl@huffingtonpost.com,Non-binary,36.186.132.70,Peso,121.0964563,13.7928009
995,Caye,Sharphurst,csharphurstrm@cornell.edu,Female,173.160.147.138,Euro,-8.0759339,38.7433547
996,Joseito,Lyven,jlyvenrn@berkeley.edu,Genderqueer,126.76.54.30,Krona,14.731627,56.010958
997,Margaret,Emilien,memilienro@flavors.me,Genderqueer,165.204.62.220,Yuan Renminbi,101.0745036,41.9623047
998,Gianina,Brigginshaw,gbrigginshawrp@prweb.com,Female,203.72.2.134,Rupiah,123.2655,-8.2994
999,Giraldo,Koubek,gkoubekrq@bloglovin.com,Male,79.154.205.85,Ruble,31.9997887,53.055718
1000,Irene,Storah,istorahrr@npr.org,Female,219.219.181.30,Yuan Renminbi,107.269482,28.109577
